ID_Animal;ID_Pai;ID_Mae;Categoria
1;3012;4055;Animal Avaliado
2;3005;4210;Animal Avaliado
3;3044;4102;Animal Avaliado
4;3021;4480;Animal Avaliado
5;3012;4315;Animal Avaliado
6;3008;4022;Animal Avaliado
7;3033;4198;Animal Avaliado
8;3021;4256;Animal Avaliado
9;3044;4001;Animal Avaliado
10;3005;4333;Animal Avaliado
3005;0;0;Touro Fundador
3008;0;0;Touro Fundador
3012;0;0;Touro Fundador
3021;0;0;Touro Fundador
3033;0;0;Touro Fundador
3044;0;0;Touro Fundador
4001;0;0;Matriz Fundadora
4022;0;0;Matriz Fundadora
4055;0;0;Matriz Fundadora
4102;0;0;Matriz Fundadora
4198;0;0;Matriz Fundadora
4210;0;0;Matriz Fundadora
4256;0;0;Matriz Fundadora
4315;0;0;Matriz Fundadora
4333;0;0;Matriz Fundadora
4480;0;0;Matriz Fundadora
4481;9008;9103;Animal Avaliado
4482;3012;4198;Animal Avaliado
4483;3012;4198;Animal Avaliado
4484;3033;9105;Animal Avaliado
4485;3021;4001;Animal Avaliado
4486;3005;9105;Animal Avaliado
4487;9004;9115;Animal Avaliado
4488;3044;4480;Animal Avaliado
4489;9003;9112;Animal Avaliado
4490;9000;9114;Animal Avaliado
4491;9008;9110;Animal Avaliado
4492;9002;9103;Animal Avaliado
4493;3005;9108;Animal Avaliado
4494;9009;9115;Animal Avaliado
4495;9000;9107;Animal Avaliado
4496;3044;4022;Animal Avaliado
4497;9004;9115;Animal Avaliado
4498;3044;9112;Animal Avaliado
4499;9003;9104;Animal Avaliado
4500;9001;4480;Animal Avaliado
4501;9009;9104;Animal Avaliado
4502;9003;9105;Animal Avaliado
4503;9002;4256;Animal Avaliado
4504;9000;9115;Animal Avaliado
4505;9005;4210;Animal Avaliado
4506;9000;9106;Animal Avaliado
4507;9004;9115;Animal Avaliado
4508;9001;9114;Animal Avaliado
4509;9007;4055;Animal Avaliado
4510;9000;4022;Animal Avaliado
4511;9002;9114;Animal Avaliado
4512;9007;4198;Animal Avaliado
4513;9008;4055;Animal Avaliado
4514;9001;9115;Animal Avaliado
4515;9005;9100;Animal Avaliado
4516;3044;9115;Animal Avaliado
4517;9004;4022;Animal Avaliado
4518;3033;9110;Animal Avaliado
4519;9002;9104;Animal Avaliado
4520;9004;4256;Animal Avaliado
4521;3005;4480;Animal Avaliado
4522;9009;4315;Animal Avaliado
4523;9001;9103;Animal Avaliado
4524;9003;4480;Animal Avaliado
4525;9006;4055;Animal Avaliado
4526;9002;9118;Animal Avaliado
4527;9005;9104;Animal Avaliado
4528;3005;9113;Animal Avaliado
4529;3021;9119;Animal Avaliado
4530;9009;9117;Animal Avaliado
4531;3008;9111;Animal Avaliado
4532;3005;9102;Animal Avaliado
4533;9005;9117;Animal Avaliado
4534;3033;4333;Animal Avaliado
4535;3012;4022;Animal Avaliado
4536;9001;9117;Animal Avaliado
4537;9009;4102;Animal Avaliado
4538;9003;9114;Animal Avaliado
4539;3033;9111;Animal Avaliado
4540;3012;9104;Animal Avaliado
4541;3033;9104;Animal Avaliado
4542;3012;4198;Animal Avaliado
4543;9004;4001;Animal Avaliado
4544;9008;9102;Animal Avaliado
4545;9002;4055;Animal Avaliado
4546;9002;4315;Animal Avaliado
4547;9003;9104;Animal Avaliado
4548;9003;9116;Animal Avaliado
4549;3044;9117;Animal Avaliado
4550;9000;9112;Animal Avaliado
4551;9000;9101;Animal Avaliado
4552;9007;9101;Animal Avaliado
4553;3005;4480;Animal Avaliado
4554;3021;4102;Animal Avaliado
4555;9004;4256;Animal Avaliado
4556;9000;4333;Animal Avaliado
4557;3033;9117;Animal Avaliado
4558;9005;9104;Animal Avaliado
4559;9001;4256;Animal Avaliado
4560;9006;9112;Animal Avaliado
4561;9001;9118;Animal Avaliado
4562;3008;9119;Animal Avaliado
4563;9004;4055;Animal Avaliado
4564;9003;9107;Animal Avaliado
4565;9004;4198;Animal Avaliado
4566;9009;9112;Animal Avaliado
4567;3008;4210;Animal Avaliado
4568;3033;9103;Animal Avaliado
4569;9001;9111;Animal Avaliado
4570;3012;9118;Animal Avaliado
4571;9006;9111;Animal Avaliado
4572;9000;4210;Animal Avaliado
4573;9008;4198;Animal Avaliado
4574;9007;9105;Animal Avaliado
4575;9009;9104;Animal Avaliado
4576;9000;4102;Animal Avaliado
4577;3021;4022;Animal Avaliado
4578;9005;9113;Animal Avaliado
4579;9002;9118;Animal Avaliado
4580;3033;9112;Animal Avaliado
4581;9006;9119;Animal Avaliado
4582;9002;9119;Animal Avaliado
4583;9009;9115;Animal Avaliado
4584;9002;9119;Animal Avaliado
4585;3008;9111;Animal Avaliado
4586;3033;9103;Animal Avaliado
4587;3044;9117;Animal Avaliado
4588;9007;4102;Animal Avaliado
4589;9007;4055;Animal Avaliado
4590;3021;9106;Animal Avaliado
4591;3005;9112;Animal Avaliado
4592;3008;9113;Animal Avaliado
4593;3021;9116;Animal Avaliado
4594;9008;9117;Animal Avaliado
4595;3021;4333;Animal Avaliado
4596;9008;9100;Animal Avaliado
4597;9000;4333;Animal Avaliado
4598;9002;9114;Animal Avaliado
4599;9003;9114;Animal Avaliado
4600;9002;9105;Animal Avaliado
4601;9003;4198;Animal Avaliado
4602;9009;9114;Animal Avaliado
4603;9009;9101;Animal Avaliado
4604;9003;4333;Animal Avaliado
4605;9003;9113;Animal Avaliado
4606;9000;4210;Animal Avaliado
4607;3012;9117;Animal Avaliado
4608;9004;9107;Animal Avaliado
4609;9009;4480;Animal Avaliado
4610;3005;9102;Animal Avaliado
4611;9007;9117;Animal Avaliado
4612;9009;9102;Animal Avaliado
4613;3033;9106;Animal Avaliado
4614;3021;9118;Animal Avaliado
4615;3033;4022;Animal Avaliado
4616;9008;9114;Animal Avaliado
4617;9000;4001;Animal Avaliado
4618;9003;4102;Animal Avaliado
4619;9004;9112;Animal Avaliado
4620;9001;9115;Animal Avaliado
4621;9009;4480;Animal Avaliado
4622;9002;9119;Animal Avaliado
4623;9003;9118;Animal Avaliado
4624;3008;9114;Animal Avaliado
4625;9004;9112;Animal Avaliado
4626;9005;9112;Animal Avaliado
4627;9003;9104;Animal Avaliado
4628;9003;9108;Animal Avaliado
4629;3005;9112;Animal Avaliado
4630;9003;4055;Animal Avaliado
4631;3005;9103;Animal Avaliado
4632;9001;4102;Animal Avaliado
4633;9007;4210;Animal Avaliado
4634;3044;9103;Animal Avaliado
4635;9009;4256;Animal Avaliado
4636;9001;4333;Animal Avaliado
4637;9008;9104;Animal Avaliado
4638;9000;9119;Animal Avaliado
4639;9007;9115;Animal Avaliado
4640;9006;9103;Animal Avaliado
4641;3021;9102;Animal Avaliado
4642;9005;9108;Animal Avaliado
4643;3005;9109;Animal Avaliado
4644;3005;9117;Animal Avaliado
4645;9007;4198;Animal Avaliado
4646;9005;9108;Animal Avaliado
4647;3033;9107;Animal Avaliado
4648;9007;4102;Animal Avaliado
4649;3033;9106;Animal Avaliado
4650;3044;9102;Animal Avaliado
4651;9003;4198;Animal Avaliado
4652;3012;9116;Animal Avaliado
4653;9006;9103;Animal Avaliado
4654;9006;9115;Animal Avaliado
4655;9000;9105;Animal Avaliado
4656;3005;9110;Animal Avaliado
4657;3033;4022;Animal Avaliado
4658;3044;9109;Animal Avaliado
4659;3021;9100;Animal Avaliado
4660;9008;9108;Animal Avaliado
4661;9004;4198;Animal Avaliado
4662;3033;9116;Animal Avaliado
4663;3044;4022;Animal Avaliado
4664;9004;9116;Animal Avaliado
4665;9004;4102;Animal Avaliado
4666;9001;4198;Animal Avaliado
4667;9000;4022;Animal Avaliado
4668;9001;9116;Animal Avaliado
4669;3008;4198;Animal Avaliado
4670;3012;4102;Animal Avaliado
4671;9001;4001;Animal Avaliado
4672;9006;4315;Animal Avaliado
4673;3021;9110;Animal Avaliado
4674;9005;4001;Animal Avaliado
4675;3008;4102;Animal Avaliado
4676;3044;4210;Animal Avaliado
4677;9004;9110;Animal Avaliado
4678;9005;9118;Animal Avaliado
4679;3008;9103;Animal Avaliado
4680;9007;4102;Animal Avaliado
4681;9004;9109;Animal Avaliado
4682;9008;4315;Animal Avaliado
4683;3021;9108;Animal Avaliado
4684;3044;9106;Animal Avaliado
4685;3033;4055;Animal Avaliado
4686;9007;9100;Animal Avaliado
4687;9001;4315;Animal Avaliado
4688;3012;9111;Animal Avaliado
4689;3005;4210;Animal Avaliado
4690;9005;9101;Animal Avaliado
4691;9000;9108;Animal Avaliado
4692;3012;9100;Animal Avaliado
4693;3012;9107;Animal Avaliado
4694;9003;9117;Animal Avaliado
4695;9003;9104;Animal Avaliado
4696;9005;9108;Animal Avaliado
4697;3021;9119;Animal Avaliado
4698;9007;4333;Animal Avaliado
4699;3012;4333;Animal Avaliado
4700;9008;9103;Animal Avaliado
4701;3044;9103;Animal Avaliado
4702;9004;9100;Animal Avaliado
4703;9008;4315;Animal Avaliado
4704;9009;4001;Animal Avaliado
4705;3044;4256;Animal Avaliado
4706;3021;9117;Animal Avaliado
4707;3012;9102;Animal Avaliado
4708;3005;9114;Animal Avaliado
4709;9003;9108;Animal Avaliado
4710;9005;9107;Animal Avaliado
4711;9005;9113;Animal Avaliado
4712;9004;4333;Animal Avaliado
4713;3005;9100;Animal Avaliado
4714;3021;9107;Animal Avaliado
4715;9000;9110;Animal Avaliado
4716;9000;9114;Animal Avaliado
4717;9003;9112;Animal Avaliado
4718;3033;4210;Animal Avaliado
4719;9000;4055;Animal Avaliado
4720;3044;9105;Animal Avaliado
4721;9008;4001;Animal Avaliado
4722;9000;9109;Animal Avaliado
4723;3005;9105;Animal Avaliado
4724;3005;9112;Animal Avaliado
4725;9000;9103;Animal Avaliado
4726;3012;4315;Animal Avaliado
4727;9004;9103;Animal Avaliado
4728;9001;9109;Animal Avaliado
4729;3008;9112;Animal Avaliado
4730;9003;9107;Animal Avaliado
4731;9005;4210;Animal Avaliado
4732;9006;9115;Animal Avaliado
4733;3021;9119;Animal Avaliado
4734;9008;4210;Animal Avaliado
4735;9006;4256;Animal Avaliado
4736;3008;9113;Animal Avaliado
4737;9000;9100;Animal Avaliado
4738;9004;9108;Animal Avaliado
4739;3021;9112;Animal Avaliado
4740;9006;9117;Animal Avaliado
4741;9006;9115;Animal Avaliado
4742;3008;4102;Animal Avaliado
4743;3012;4055;Animal Avaliado
4744;3012;4333;Animal Avaliado
4745;9001;4315;Animal Avaliado
4746;9006;4102;Animal Avaliado
4747;3008;9117;Animal Avaliado
4748;9000;9113;Animal Avaliado
4749;3008;4198;Animal Avaliado
4750;9005;9112;Animal Avaliado
4751;3044;9114;Animal Avaliado
4752;3012;4055;Animal Avaliado
4753;9003;9102;Animal Avaliado
4754;3008;9110;Animal Avaliado
4755;3044;9106;Animal Avaliado
4756;9009;9118;Animal Avaliado
4757;3021;4210;Animal Avaliado
4758;9007;9112;Animal Avaliado
4759;9001;4333;Animal Avaliado
4760;9006;9108;Animal Avaliado
4761;9009;4022;Animal Avaliado
4762;9000;4333;Animal Avaliado
4763;3021;9103;Animal Avaliado
4764;3012;4210;Animal Avaliado
4765;9001;9109;Animal Avaliado
4766;9002;9115;Animal Avaliado
4767;9002;9102;Animal Avaliado
4768;9001;4198;Animal Avaliado
4769;3021;4333;Animal Avaliado
4770;9003;4480;Animal Avaliado
4771;9005;9100;Animal Avaliado
4772;3044;4333;Animal Avaliado
4773;9006;4256;Animal Avaliado
4774;3033;4102;Animal Avaliado
4775;9002;9118;Animal Avaliado
4776;9001;9114;Animal Avaliado
4777;9002;9112;Animal Avaliado
4778;9005;9113;Animal Avaliado
4779;3008;9116;Animal Avaliado
4780;9003;4210;Animal Avaliado
4781;3008;9104;Animal Avaliado
4782;9009;4022;Animal Avaliado
4783;3012;9109;Animal Avaliado
4784;9003;9114;Animal Avaliado
4785;3033;9110;Animal Avaliado
4786;9008;9118;Animal Avaliado
4787;3012;9100;Animal Avaliado
4788;9009;9114;Animal Avaliado
4789;9005;9103;Animal Avaliado
4790;9008;9102;Animal Avaliado
4791;9008;9103;Animal Avaliado
4792;9003;9118;Animal Avaliado
4793;9005;9106;Animal Avaliado
4794;3012;4480;Animal Avaliado
4795;3021;4256;Animal Avaliado
4796;9009;9104;Animal Avaliado
4797;3044;9119;Animal Avaliado
4798;9000;9113;Animal Avaliado
4799;3021;9107;Animal Avaliado
4800;9004;9113;Animal Avaliado
4801;9000;9101;Animal Avaliado
4802;3012;9117;Animal Avaliado
4803;9001;9106;Animal Avaliado
4804;9001;4055;Animal Avaliado
4805;9008;9105;Animal Avaliado
4806;9008;9107;Animal Avaliado
4807;9005;9113;Animal Avaliado
4808;3012;9105;Animal Avaliado
4809;9008;9110;Animal Avaliado
4810;3033;9105;Animal Avaliado
4811;3012;4210;Animal Avaliado
4812;9008;9103;Animal Avaliado
4813;9000;9100;Animal Avaliado
4814;9007;4480;Animal Avaliado
4815;9002;9112;Animal Avaliado
4816;9001;9106;Animal Avaliado
4817;9001;9115;Animal Avaliado
4818;3005;9112;Animal Avaliado
4819;9005;9112;Animal Avaliado
4820;3008;9106;Animal Avaliado
4821;9007;9114;Animal Avaliado
4822;9003;9106;Animal Avaliado
4823;9004;9109;Animal Avaliado
4824;9008;4333;Animal Avaliado
4825;9000;4102;Animal Avaliado
4826;9001;9105;Animal Avaliado
4827;9007;9100;Animal Avaliado
4828;9004;4055;Animal Avaliado
4829;9000;9103;Animal Avaliado
4830;9007;4198;Animal Avaliado
4831;9000;4480;Animal Avaliado
4832;9000;9118;Animal Avaliado
4833;3044;9106;Animal Avaliado
4834;3044;9115;Animal Avaliado
4835;9007;9116;Animal Avaliado
4836;9000;9118;Animal Avaliado
4837;3033;9113;Animal Avaliado
4838;9001;9102;Animal Avaliado
4839;9002;9105;Animal Avaliado
4840;3033;9104;Animal Avaliado
4841;9007;9105;Animal Avaliado
4842;9004;9114;Animal Avaliado
4843;3044;9117;Animal Avaliado
4844;9000;9101;Animal Avaliado
4845;3008;4333;Animal Avaliado
4846;9005;9110;Animal Avaliado
4847;9001;4001;Animal Avaliado
4848;3012;9104;Animal Avaliado
4849;3044;9117;Animal Avaliado
4850;9007;9117;Animal Avaliado
4851;9006;4198;Animal Avaliado
4852;3033;9110;Animal Avaliado
4853;3012;9117;Animal Avaliado
4854;3012;4315;Animal Avaliado
4855;9003;4001;Animal Avaliado
4856;3005;4198;Animal Avaliado
4857;3033;4480;Animal Avaliado
4858;9008;4102;Animal Avaliado
4859;3012;9101;Animal Avaliado
4860;3005;9100;Animal Avaliado
4861;9009;9114;Animal Avaliado
4862;3033;9116;Animal Avaliado
4863;3021;4198;Animal Avaliado
4864;9007;4256;Animal Avaliado
4865;9000;9116;Animal Avaliado
4866;9002;9110;Animal Avaliado
4867;3044;4022;Animal Avaliado
4868;9003;9109;Animal Avaliado
4869;9000;9109;Animal Avaliado
4870;9005;9101;Animal Avaliado
4871;9008;4001;Animal Avaliado
4872;9006;9100;Animal Avaliado
4873;9006;4333;Animal Avaliado
4874;9000;4333;Animal Avaliado
4875;3021;9115;Animal Avaliado
4876;9003;9101;Animal Avaliado
4877;3012;9104;Animal Avaliado
4878;9005;4333;Animal Avaliado
4879;3008;9114;Animal Avaliado
4880;3033;4055;Animal Avaliado
4881;9007;4001;Animal Avaliado
4882;9003;9107;Animal Avaliado
4883;3021;9118;Animal Avaliado
4884;3012;4256;Animal Avaliado
4885;3008;4022;Animal Avaliado
4886;9001;9103;Animal Avaliado
4887;9009;9106;Animal Avaliado
4888;3012;4256;Animal Avaliado
4889;3005;9116;Animal Avaliado
4890;3005;4333;Animal Avaliado
4891;9004;4256;Animal Avaliado
4892;9006;9103;Animal Avaliado
4893;3008;9108;Animal Avaliado
4894;9000;9102;Animal Avaliado
4895;3033;9100;Animal Avaliado
4896;9000;9102;Animal Avaliado
4897;9000;9116;Animal Avaliado
4898;9003;9109;Animal Avaliado
4899;9006;9108;Animal Avaliado
4900;3021;9108;Animal Avaliado
4901;9003;9104;Animal Avaliado
4902;9009;9117;Animal Avaliado
4903;3008;9110;Animal Avaliado
4904;9005;9116;Animal Avaliado
4905;9008;9110;Animal Avaliado
4906;9001;9102;Animal Avaliado
4907;3008;4055;Animal Avaliado
4908;3005;9106;Animal Avaliado
4909;9007;4315;Animal Avaliado
4910;3008;4333;Animal Avaliado
4911;9005;4055;Animal Avaliado
4912;3021;9115;Animal Avaliado
4913;3005;4315;Animal Avaliado
4914;3005;9111;Animal Avaliado
4915;9003;9108;Animal Avaliado
4916;3044;4055;Animal Avaliado
4917;9002;9106;Animal Avaliado
4918;9008;4001;Animal Avaliado
4919;9008;4480;Animal Avaliado
4920;3033;4333;Animal Avaliado
4921;3021;9113;Animal Avaliado
4922;3005;9105;Animal Avaliado
4923;9008;9102;Animal Avaliado
4924;3012;4480;Animal Avaliado
4925;9005;4102;Animal Avaliado
4926;9000;4256;Animal Avaliado
4927;9002;4480;Animal Avaliado
4928;9005;4055;Animal Avaliado
4929;9003;9111;Animal Avaliado
4930;9000;4210;Animal Avaliado
4931;3008;9116;Animal Avaliado
4932;9005;9100;Animal Avaliado
4933;3044;9108;Animal Avaliado
4934;3012;9106;Animal Avaliado
4935;9001;4315;Animal Avaliado
4936;9005;9110;Animal Avaliado
4937;9009;4315;Animal Avaliado
4938;3008;9112;Animal Avaliado
4939;3021;9103;Animal Avaliado
4940;3044;9105;Animal Avaliado
4941;9004;4022;Animal Avaliado
4942;9003;9111;Animal Avaliado
4943;9004;4102;Animal Avaliado
4944;9009;9104;Animal Avaliado
4945;9006;9104;Animal Avaliado
4946;9001;9106;Animal Avaliado
4947;3008;4001;Animal Avaliado
4948;3012;4480;Animal Avaliado
4949;9008;9104;Animal Avaliado
4950;3012;9119;Animal Avaliado
4951;3005;9105;Animal Avaliado
4952;9001;9101;Animal Avaliado
4953;9002;9109;Animal Avaliado
4954;9000;9107;Animal Avaliado
4955;9009;9112;Animal Avaliado
4956;3008;9103;Animal Avaliado
4957;9009;4210;Animal Avaliado
4958;9009;9107;Animal Avaliado
4959;9003;9109;Animal Avaliado
4960;3021;9104;Animal Avaliado
4961;9002;4333;Animal Avaliado
4962;3005;9101;Animal Avaliado
4963;9008;4055;Animal Avaliado
4964;3021;9112;Animal Avaliado
4965;9002;9105;Animal Avaliado
4966;3044;9106;Animal Avaliado
4967;3012;9109;Animal Avaliado
4968;9005;9104;Animal Avaliado
4969;9000;9106;Animal Avaliado
4970;9001;9116;Animal Avaliado
4971;3005;4333;Animal Avaliado
4972;9001;4001;Animal Avaliado
4973;9009;9111;Animal Avaliado
4974;3021;4001;Animal Avaliado
4975;9000;9116;Animal Avaliado
4976;9005;9100;Animal Avaliado
4977;9000;9111;Animal Avaliado
4978;3008;9114;Animal Avaliado
4979;3044;4055;Animal Avaliado
4980;3012;9103;Animal Avaliado
4981;3033;9117;Animal Avaliado
4982;9003;4022;Animal Avaliado
4983;3012;9109;Animal Avaliado
4984;3012;9101;Animal Avaliado
4985;9009;4210;Animal Avaliado
4986;9009;4333;Animal Avaliado
4987;9000;4102;Animal Avaliado
4988;9005;4001;Animal Avaliado
4989;9008;4022;Animal Avaliado
4990;3012;9104;Animal Avaliado
4991;9009;9119;Animal Avaliado
4992;9002;9112;Animal Avaliado
4993;9003;9105;Animal Avaliado
4994;9008;9101;Animal Avaliado
4995;3012;9110;Animal Avaliado
4996;3008;4001;Animal Avaliado
4997;3044;4001;Animal Avaliado
4998;3021;9105;Animal Avaliado
4999;3044;9112;Animal Avaliado
5000;9003;9109;Animal Avaliado
5001;3012;9104;Animal Avaliado
5002;9000;9110;Animal Avaliado
5003;9003;4001;Animal Avaliado
5004;9004;9108;Animal Avaliado
5005;3044;9113;Animal Avaliado
5006;9005;4480;Animal Avaliado
5007;3005;9116;Animal Avaliado
5008;9008;9104;Animal Avaliado
5009;9006;9102;Animal Avaliado
5010;9006;4333;Animal Avaliado
5011;3021;9109;Animal Avaliado
5012;9000;4022;Animal Avaliado
5013;9006;4315;Animal Avaliado
5014;9008;9109;Animal Avaliado
5015;3033;9108;Animal Avaliado
5016;9006;4256;Animal Avaliado
5017;3044;9119;Animal Avaliado
5018;3012;4198;Animal Avaliado
5019;9007;4210;Animal Avaliado
5020;9002;9113;Animal Avaliado
5021;3033;9101;Animal Avaliado
5022;9000;9109;Animal Avaliado
5023;3033;9100;Animal Avaliado
5024;3012;4315;Animal Avaliado
5025;9004;9102;Animal Avaliado
5026;3033;4001;Animal Avaliado
5027;3005;9110;Animal Avaliado
5028;9009;4022;Animal Avaliado
5029;3021;9113;Animal Avaliado
5030;3033;4333;Animal Avaliado
5031;9003;9100;Animal Avaliado
5032;9003;4001;Animal Avaliado
5033;9005;9102;Animal Avaliado
5034;3012;9108;Animal Avaliado
5035;9008;4256;Animal Avaliado
5036;9003;4102;Animal Avaliado
5037;9001;4022;Animal Avaliado
5038;9005;9109;Animal Avaliado
5039;9005;9119;Animal Avaliado
5040;3012;9114;Animal Avaliado
5041;9009;4055;Animal Avaliado
5042;3008;4001;Animal Avaliado
5043;3008;9113;Animal Avaliado
5044;9003;9108;Animal Avaliado
5045;9004;4198;Animal Avaliado
5046;9006;9100;Animal Avaliado
5047;9003;9110;Animal Avaliado
5048;9006;4256;Animal Avaliado
5049;3021;4055;Animal Avaliado
5050;9004;9101;Animal Avaliado
5051;9000;9109;Animal Avaliado
5052;3044;9115;Animal Avaliado
5053;9001;9102;Animal Avaliado
5054;3005;9104;Animal Avaliado
5055;9002;9102;Animal Avaliado
5056;3021;9114;Animal Avaliado
5057;9005;4001;Animal Avaliado
5058;9002;4102;Animal Avaliado
5059;9004;9101;Animal Avaliado
5060;9004;9118;Animal Avaliado
5061;9002;9112;Animal Avaliado
5062;3044;9115;Animal Avaliado
5063;9005;9110;Animal Avaliado
5064;3044;9114;Animal Avaliado
5065;9000;9119;Animal Avaliado
5066;3044;9106;Animal Avaliado
5067;9003;4210;Animal Avaliado
5068;3012;9102;Animal Avaliado
5069;9003;9107;Animal Avaliado
5070;9004;9116;Animal Avaliado
5071;9006;9102;Animal Avaliado
5072;9004;9111;Animal Avaliado
5073;3021;9116;Animal Avaliado
5074;3012;9108;Animal Avaliado
5075;9005;9112;Animal Avaliado
5076;3005;9117;Animal Avaliado
5077;3033;9117;Animal Avaliado
5078;9002;9105;Animal Avaliado
5079;9003;4198;Animal Avaliado
5080;9008;9100;Animal Avaliado
5081;3005;9114;Animal Avaliado
5082;9000;4210;Animal Avaliado
5083;3033;4022;Animal Avaliado
5084;9009;9103;Animal Avaliado
5085;3033;4055;Animal Avaliado
5086;9003;9115;Animal Avaliado
5087;9009;9116;Animal Avaliado
5088;9002;4022;Animal Avaliado
5089;3044;4333;Animal Avaliado
5090;9003;9107;Animal Avaliado
5091;9007;9101;Animal Avaliado
5092;9006;4001;Animal Avaliado
5093;3021;9117;Animal Avaliado
5094;9005;4480;Animal Avaliado
5095;9006;4198;Animal Avaliado
5096;9004;9101;Animal Avaliado
5097;9002;9109;Animal Avaliado
5098;9006;9117;Animal Avaliado
5099;9000;4001;Animal Avaliado
5100;3012;9102;Animal Avaliado
5101;3021;9118;Animal Avaliado
5102;3008;9111;Animal Avaliado
5103;9002;9117;Animal Avaliado
5104;3021;9111;Animal Avaliado
5105;9004;9116;Animal Avaliado
5106;9007;9103;Animal Avaliado
5107;9009;4480;Animal Avaliado
5108;3033;4480;Animal Avaliado
5109;9007;4333;Animal Avaliado
5110;9000;4102;Animal Avaliado
5111;9006;9119;Animal Avaliado
5112;3012;9109;Animal Avaliado
5113;3021;9117;Animal Avaliado
5114;3012;9106;Animal Avaliado
5115;3012;9118;Animal Avaliado
5116;9004;9118;Animal Avaliado
5117;9005;9100;Animal Avaliado
5118;3044;4315;Animal Avaliado
5119;3005;9101;Animal Avaliado
5120;9002;9107;Animal Avaliado
5121;9006;9106;Animal Avaliado
5122;9007;4102;Animal Avaliado
5123;9006;4480;Animal Avaliado
5124;9006;9112;Animal Avaliado
5125;9003;9116;Animal Avaliado
5126;3033;9119;Animal Avaliado
5127;3008;9103;Animal Avaliado
5128;9009;9116;Animal Avaliado
5129;3021;9105;Animal Avaliado
5130;9004;9118;Animal Avaliado
5131;3005;9119;Animal Avaliado
5132;9001;9104;Animal Avaliado
5133;9006;4480;Animal Avaliado
5134;9009;9101;Animal Avaliado
5135;9003;4333;Animal Avaliado
5136;9003;9118;Animal Avaliado
5137;3033;4210;Animal Avaliado
5138;3044;9117;Animal Avaliado
5139;9008;4055;Animal Avaliado
5140;9003;4055;Animal Avaliado
5141;3033;9116;Animal Avaliado
5142;3005;9118;Animal Avaliado
5143;9001;9105;Animal Avaliado
5144;9003;9106;Animal Avaliado
5145;3021;9101;Animal Avaliado
5146;9007;4480;Animal Avaliado
5147;9000;4055;Animal Avaliado
5148;9005;4333;Animal Avaliado
5149;3012;9112;Animal Avaliado
5150;9002;9110;Animal Avaliado
5151;9009;9106;Animal Avaliado
5152;9002;9112;Animal Avaliado
5153;3008;4480;Animal Avaliado
5154;9004;4022;Animal Avaliado
5155;3033;9102;Animal Avaliado
5156;3005;9115;Animal Avaliado
5157;9002;9106;Animal Avaliado
5158;3021;4480;Animal Avaliado
5159;3021;9100;Animal Avaliado
5160;9005;9118;Animal Avaliado
5161;9004;9119;Animal Avaliado
5162;9000;9106;Animal Avaliado
5163;3012;4102;Animal Avaliado
5164;9009;4198;Animal Avaliado
5165;9007;4315;Animal Avaliado
5166;9002;9118;Animal Avaliado
5167;3008;9114;Animal Avaliado
5168;9005;9114;Animal Avaliado
5169;9005;9103;Animal Avaliado
5170;9001;9100;Animal Avaliado
5171;3033;9101;Animal Avaliado
5172;9009;9110;Animal Avaliado
5173;3008;9108;Animal Avaliado
5174;9009;9100;Animal Avaliado
5175;3021;9109;Animal Avaliado
5176;3008;9110;Animal Avaliado
5177;9000;4333;Animal Avaliado
5178;3008;9102;Animal Avaliado
5179;9004;9101;Animal Avaliado
5180;9002;9107;Animal Avaliado
5181;9000;9102;Animal Avaliado
5182;3005;9118;Animal Avaliado
5183;3044;4055;Animal Avaliado
5184;3021;9113;Animal Avaliado
5185;3008;4055;Animal Avaliado
5186;3044;4315;Animal Avaliado
5187;9001;4480;Animal Avaliado
5188;9006;9107;Animal Avaliado
5189;9000;9103;Animal Avaliado
5190;9009;9101;Animal Avaliado
5191;3012;4256;Animal Avaliado
5192;9001;4022;Animal Avaliado
5193;3008;4102;Animal Avaliado
5194;9006;9109;Animal Avaliado
5195;3044;9116;Animal Avaliado
5196;9008;9104;Animal Avaliado
5197;3021;9118;Animal Avaliado
5198;3012;4480;Animal Avaliado
5199;3021;9105;Animal Avaliado
5200;9001;4256;Animal Avaliado
5201;9000;9112;Animal Avaliado
5202;9001;9102;Animal Avaliado
5203;3008;9106;Animal Avaliado
5204;3008;4102;Animal Avaliado
5205;3033;4480;Animal Avaliado
5206;3021;9103;Animal Avaliado
5207;9006;4055;Animal Avaliado
5208;3033;9115;Animal Avaliado
5209;3044;9107;Animal Avaliado
5210;9008;9113;Animal Avaliado
5211;9009;9105;Animal Avaliado
5212;3044;9108;Animal Avaliado
5213;3044;9101;Animal Avaliado
5214;3033;9101;Animal Avaliado
5215;9002;9104;Animal Avaliado
5216;9009;9119;Animal Avaliado
5217;9007;9119;Animal Avaliado
5218;9005;9102;Animal Avaliado
5219;9002;4001;Animal Avaliado
5220;3021;9109;Animal Avaliado
5221;9003;4333;Animal Avaliado
5222;3021;9108;Animal Avaliado
5223;9002;4333;Animal Avaliado
5224;3005;9108;Animal Avaliado
5225;9006;9100;Animal Avaliado
5226;9004;4198;Animal Avaliado
5227;9005;4102;Animal Avaliado
5228;9007;4480;Animal Avaliado
5229;9001;9111;Animal Avaliado
5230;3033;9112;Animal Avaliado
5231;9007;4022;Animal Avaliado
5232;3044;4001;Animal Avaliado
5233;9005;9107;Animal Avaliado
5234;3005;4198;Animal Avaliado
5235;9004;9104;Animal Avaliado
5236;3005;9109;Animal Avaliado
5237;9009;9100;Animal Avaliado
5238;9004;9106;Animal Avaliado
5239;3021;4256;Animal Avaliado
5240;3021;9103;Animal Avaliado
5241;9004;4102;Animal Avaliado
5242;9002;9109;Animal Avaliado
5243;9007;9103;Animal Avaliado
5244;9000;9102;Animal Avaliado
5245;3044;9117;Animal Avaliado
5246;9008;9115;Animal Avaliado
5247;3044;4315;Animal Avaliado
5248;9004;9103;Animal Avaliado
5249;3008;4055;Animal Avaliado
5250;9006;4022;Animal Avaliado
5251;3012;4480;Animal Avaliado
5252;9003;9118;Animal Avaliado
5253;3044;9108;Animal Avaliado
5254;9004;4480;Animal Avaliado
5255;3033;9115;Animal Avaliado
5256;9000;9101;Animal Avaliado
5257;9006;9110;Animal Avaliado
5258;9008;9109;Animal Avaliado
5259;3033;9115;Animal Avaliado
5260;9002;9113;Animal Avaliado
5261;3012;9112;Animal Avaliado
5262;3021;9102;Animal Avaliado
5263;9002;9111;Animal Avaliado
5264;3033;9104;Animal Avaliado
5265;9003;9100;Animal Avaliado
5266;3021;4198;Animal Avaliado
5267;9003;9102;Animal Avaliado
5268;9006;9103;Animal Avaliado
5269;9009;4210;Animal Avaliado
5270;9005;9116;Animal Avaliado
5271;9000;9107;Animal Avaliado
5272;3021;9114;Animal Avaliado
5273;9003;9102;Animal Avaliado
5274;9009;4333;Animal Avaliado
5275;9000;9117;Animal Avaliado
5276;9006;9116;Animal Avaliado
5277;3021;9117;Animal Avaliado
5278;9007;9114;Animal Avaliado
5279;9003;9110;Animal Avaliado
5280;9008;9101;Animal Avaliado
5281;9008;4333;Animal Avaliado
5282;3044;9114;Animal Avaliado
5283;9001;4102;Animal Avaliado
5284;9001;9110;Animal Avaliado
5285;9009;4055;Animal Avaliado
5286;3044;4198;Animal Avaliado
5287;3012;9109;Animal Avaliado
5288;3008;4315;Animal Avaliado
5289;9003;9119;Animal Avaliado
5290;3008;4480;Animal Avaliado
5291;9001;9110;Animal Avaliado
5292;9007;4055;Animal Avaliado
5293;9005;9119;Animal Avaliado
5294;3005;9104;Animal Avaliado
5295;3005;4022;Animal Avaliado
5296;9008;4022;Animal Avaliado
5297;9009;4022;Animal Avaliado
5298;3021;9119;Animal Avaliado
5299;9003;9103;Animal Avaliado
5300;9000;9105;Animal Avaliado
5301;3021;9111;Animal Avaliado
5302;9003;4198;Animal Avaliado
5303;9003;4001;Animal Avaliado
5304;9000;9109;Animal Avaliado
5305;3021;4315;Animal Avaliado
5306;3008;9101;Animal Avaliado
5307;9001;9109;Animal Avaliado
5308;9009;4210;Animal Avaliado
5309;3021;4315;Animal Avaliado
5310;9008;4315;Animal Avaliado
5311;3021;4022;Animal Avaliado
5312;9000;9103;Animal Avaliado
5313;3005;4022;Animal Avaliado
5314;9005;9112;Animal Avaliado
5315;3008;4102;Animal Avaliado
5316;9009;4198;Animal Avaliado
5317;9003;9100;Animal Avaliado
5318;9004;4102;Animal Avaliado
5319;3021;4210;Animal Avaliado
5320;9000;9100;Animal Avaliado
5321;9000;9109;Animal Avaliado
5322;3044;4001;Animal Avaliado
5323;9001;9103;Animal Avaliado
5324;9001;4001;Animal Avaliado
5325;9001;4001;Animal Avaliado
5326;3033;4256;Animal Avaliado
5327;3021;9115;Animal Avaliado
5328;9009;9119;Animal Avaliado
5329;9003;9103;Animal Avaliado
5330;9002;4480;Animal Avaliado
5331;3005;9105;Animal Avaliado
5332;9001;9101;Animal Avaliado
5333;9000;9110;Animal Avaliado
5334;3008;9100;Animal Avaliado
5335;9003;9105;Animal Avaliado
5336;3012;9119;Animal Avaliado
5337;9000;9116;Animal Avaliado
5338;3033;9102;Animal Avaliado
5339;3005;9117;Animal Avaliado
5340;3005;9105;Animal Avaliado
5341;9009;9115;Animal Avaliado
5342;9003;9104;Animal Avaliado
5343;3033;9119;Animal Avaliado
5344;9007;9103;Animal Avaliado
5345;9004;4198;Animal Avaliado
5346;9003;4210;Animal Avaliado
5347;9005;9113;Animal Avaliado
5348;9005;9112;Animal Avaliado
5349;3033;9112;Animal Avaliado
5350;9001;4022;Animal Avaliado
5351;9003;4001;Animal Avaliado
5352;9007;4198;Animal Avaliado
5353;9005;9113;Animal Avaliado
5354;3044;9105;Animal Avaliado
5355;3012;9111;Animal Avaliado
5356;3021;9106;Animal Avaliado
5357;3044;4022;Animal Avaliado
5358;3008;4256;Animal Avaliado
5359;3012;9109;Animal Avaliado
5360;3021;9102;Animal Avaliado
5361;9008;9104;Animal Avaliado
5362;9008;4210;Animal Avaliado
5363;9008;9112;Animal Avaliado
5364;9003;9119;Animal Avaliado
5365;3012;4210;Animal Avaliado
5366;9008;9117;Animal Avaliado
5367;3033;9115;Animal Avaliado
5368;3005;9104;Animal Avaliado
5369;9006;9113;Animal Avaliado
5370;9008;4480;Animal Avaliado
5371;3021;9112;Animal Avaliado
5372;9000;4333;Animal Avaliado
5373;9001;4315;Animal Avaliado
5374;9005;4055;Animal Avaliado
5375;9005;9107;Animal Avaliado
5376;9000;9107;Animal Avaliado
5377;9004;9102;Animal Avaliado
5378;9009;9113;Animal Avaliado
5379;3008;9111;Animal Avaliado
5380;3005;9106;Animal Avaliado
5381;9000;9108;Animal Avaliado
5382;9008;9116;Animal Avaliado
5383;3044;9116;Animal Avaliado
5384;9007;9115;Animal Avaliado
5385;3033;4256;Animal Avaliado
5386;9005;9113;Animal Avaliado
5387;9002;4001;Animal Avaliado
5388;9006;9109;Animal Avaliado
5389;9001;4480;Animal Avaliado
5390;3033;9102;Animal Avaliado
5391;3008;9104;Animal Avaliado
5392;9003;4333;Animal Avaliado
5393;3012;9103;Animal Avaliado
5394;3021;9117;Animal Avaliado
5395;9009;9106;Animal Avaliado
5396;9001;4001;Animal Avaliado
5397;3033;4001;Animal Avaliado
5398;9000;9118;Animal Avaliado
5399;3021;9119;Animal Avaliado
5400;9009;9104;Animal Avaliado
5401;9005;9103;Animal Avaliado
5402;3033;4001;Animal Avaliado
5403;9007;4022;Animal Avaliado
5404;9008;9115;Animal Avaliado
5405;9006;4001;Animal Avaliado
5406;9006;9109;Animal Avaliado
5407;9000;9102;Animal Avaliado
5408;9001;9116;Animal Avaliado
5409;3005;9110;Animal Avaliado
5410;3021;9107;Animal Avaliado
5411;9009;4001;Animal Avaliado
5412;9009;9118;Animal Avaliado
5413;3044;9102;Animal Avaliado
5414;9001;9109;Animal Avaliado
5415;9007;9101;Animal Avaliado
5416;3033;4055;Animal Avaliado
5417;3012;9103;Animal Avaliado
5418;9003;9110;Animal Avaliado
5419;9000;4055;Animal Avaliado
5420;9008;9102;Animal Avaliado
5421;3044;4315;Animal Avaliado
5422;3033;9111;Animal Avaliado
5423;9007;9119;Animal Avaliado
5424;3044;9101;Animal Avaliado
5425;9001;4022;Animal Avaliado
5426;9000;9116;Animal Avaliado
5427;9009;9103;Animal Avaliado
5428;9006;9112;Animal Avaliado
5429;9006;9107;Animal Avaliado
5430;3005;9109;Animal Avaliado
5431;3044;9109;Animal Avaliado
5432;9005;9106;Animal Avaliado
5433;3005;4480;Animal Avaliado
5434;3033;4198;Animal Avaliado
5435;9002;9114;Animal Avaliado
5436;9008;4055;Animal Avaliado
5437;3033;9102;Animal Avaliado
5438;3021;4102;Animal Avaliado
5439;3008;4256;Animal Avaliado
5440;9004;4210;Animal Avaliado
5441;3005;4480;Animal Avaliado
5442;9009;9101;Animal Avaliado
5443;9005;4333;Animal Avaliado
5444;3033;9109;Animal Avaliado
5445;9009;4055;Animal Avaliado
5446;3021;9107;Animal Avaliado
5447;3008;9115;Animal Avaliado
5448;3012;9100;Animal Avaliado
5449;9001;9112;Animal Avaliado
5450;9008;9107;Animal Avaliado
5451;3012;9118;Animal Avaliado
5452;3033;9103;Animal Avaliado
5453;3021;4055;Animal Avaliado
5454;3012;9103;Animal Avaliado
5455;9009;9110;Animal Avaliado
5456;9002;9106;Animal Avaliado
5457;9000;9103;Animal Avaliado
5458;9002;9106;Animal Avaliado
5459;9002;9105;Animal Avaliado
5460;9001;9118;Animal Avaliado
5461;3008;9119;Animal Avaliado
5462;9003;9102;Animal Avaliado
5463;9003;9113;Animal Avaliado
5464;9000;9103;Animal Avaliado
5465;9002;4102;Animal Avaliado
5466;9002;9106;Animal Avaliado
5467;9000;9115;Animal Avaliado
5468;3005;4022;Animal Avaliado
5469;3044;9101;Animal Avaliado
5470;3012;4198;Animal Avaliado
5471;9008;4210;Animal Avaliado
5472;3021;4055;Animal Avaliado
5473;9001;9113;Animal Avaliado
5474;9008;9100;Animal Avaliado
5475;3033;9119;Animal Avaliado
5476;3021;9116;Animal Avaliado
5477;9004;9105;Animal Avaliado
5478;9003;4198;Animal Avaliado
5479;9005;9106;Animal Avaliado
5480;3005;9101;Animal Avaliado
5481;3012;9109;Animal Avaliado
5482;9005;4256;Animal Avaliado
5483;9007;4315;Animal Avaliado
5484;9000;9115;Animal Avaliado
5485;9005;9100;Animal Avaliado
5486;3033;4198;Animal Avaliado
5487;3012;9112;Animal Avaliado
5488;9009;9110;Animal Avaliado
5489;3044;9111;Animal Avaliado
5490;9005;4480;Animal Avaliado
5491;9008;9119;Animal Avaliado
5492;9007;9108;Animal Avaliado
5493;9007;9100;Animal Avaliado
5494;3005;4198;Animal Avaliado
5495;9000;9117;Animal Avaliado
5496;9006;9118;Animal Avaliado
5497;9006;9107;Animal Avaliado
5498;3044;9119;Animal Avaliado
5499;9004;9117;Animal Avaliado
5500;9008;9110;Animal Avaliado
5501;3008;9119;Animal Avaliado
5502;9003;9118;Animal Avaliado
5503;9000;9106;Animal Avaliado
5504;9006;9105;Animal Avaliado
5505;9003;9117;Animal Avaliado
5506;9000;9114;Animal Avaliado
5507;9006;9115;Animal Avaliado
5508;9003;9119;Animal Avaliado
5509;9007;9109;Animal Avaliado
5510;3008;9118;Animal Avaliado
5511;9004;4198;Animal Avaliado
5512;3012;9111;Animal Avaliado
5513;9001;4315;Animal Avaliado
5514;3044;9106;Animal Avaliado
5515;9002;9116;Animal Avaliado
5516;3033;9113;Animal Avaliado
5517;9006;4001;Animal Avaliado
5518;3005;9105;Animal Avaliado
5519;9004;9108;Animal Avaliado
5520;9005;4315;Animal Avaliado
5521;3021;9101;Animal Avaliado
5522;3008;4055;Animal Avaliado
5523;3044;9107;Animal Avaliado
5524;9001;9117;Animal Avaliado
5525;3012;9118;Animal Avaliado
5526;3044;9119;Animal Avaliado
5527;9001;9107;Animal Avaliado
5528;9003;9110;Animal Avaliado
5529;9003;9116;Animal Avaliado
5530;9004;4001;Animal Avaliado
5531;9001;9119;Animal Avaliado
5532;3044;4315;Animal Avaliado
5533;3005;9114;Animal Avaliado
5534;3033;9118;Animal Avaliado
5535;9005;9112;Animal Avaliado
5536;9007;9102;Animal Avaliado
5537;3021;9116;Animal Avaliado
5538;9002;4333;Animal Avaliado
5539;9007;9106;Animal Avaliado
5540;9008;9109;Animal Avaliado
5541;3005;9112;Animal Avaliado
5542;9000;9119;Animal Avaliado
5543;9002;4315;Animal Avaliado
5544;9006;9104;Animal Avaliado
5545;3005;4001;Animal Avaliado
5546;3012;4001;Animal Avaliado
5547;9004;4480;Animal Avaliado
5548;3005;4480;Animal Avaliado
5549;9002;9118;Animal Avaliado
5550;3005;9113;Animal Avaliado
5551;9000;9103;Animal Avaliado
5552;3033;9102;Animal Avaliado
5553;9006;9101;Animal Avaliado
5554;3012;9100;Animal Avaliado
5555;3021;9101;Animal Avaliado
5556;3033;9117;Animal Avaliado
5557;3005;9118;Animal Avaliado
5558;9000;9100;Animal Avaliado
5559;9009;9102;Animal Avaliado
5560;9008;9108;Animal Avaliado
5561;3044;9106;Animal Avaliado
5562;9001;9119;Animal Avaliado
5563;9005;9102;Animal Avaliado
5564;3012;9111;Animal Avaliado
5565;9009;9100;Animal Avaliado
5566;9000;4022;Animal Avaliado
5567;9000;4210;Animal Avaliado
5568;3044;9103;Animal Avaliado
5569;9001;4256;Animal Avaliado
5570;3012;4210;Animal Avaliado
5571;3005;4256;Animal Avaliado
5572;3033;4102;Animal Avaliado
5573;9003;9110;Animal Avaliado
5574;9005;9100;Animal Avaliado
5575;9001;9118;Animal Avaliado
5576;3021;9105;Animal Avaliado
5577;9006;9114;Animal Avaliado
5578;9007;9103;Animal Avaliado
5579;9007;4315;Animal Avaliado
5580;9006;4333;Animal Avaliado
5581;9007;4210;Animal Avaliado
5582;3005;9112;Animal Avaliado
5583;9004;9109;Animal Avaliado
5584;9001;4480;Animal Avaliado
5585;3012;9107;Animal Avaliado
5586;3005;4102;Animal Avaliado
5587;3005;9103;Animal Avaliado
5588;9004;9117;Animal Avaliado
5589;9005;4001;Animal Avaliado
5590;9004;9102;Animal Avaliado
5591;9006;9111;Animal Avaliado
5592;9003;4315;Animal Avaliado
5593;9002;9102;Animal Avaliado
5594;9004;9119;Animal Avaliado
5595;9003;4022;Animal Avaliado
5596;9001;9112;Animal Avaliado
5597;3005;9108;Animal Avaliado
5598;3021;4315;Animal Avaliado
5599;9005;9107;Animal Avaliado
5600;9005;4198;Animal Avaliado
5601;9005;9100;Animal Avaliado
5602;9001;4315;Animal Avaliado
5603;3005;4315;Animal Avaliado
5604;3012;4315;Animal Avaliado
5605;9007;9114;Animal Avaliado
5606;9002;9113;Animal Avaliado
5607;9001;4055;Animal Avaliado
5608;3005;9110;Animal Avaliado
5609;3008;4001;Animal Avaliado
5610;9001;9106;Animal Avaliado
5611;9001;4102;Animal Avaliado
5612;9000;9111;Animal Avaliado
5613;3005;9112;Animal Avaliado
5614;3005;9118;Animal Avaliado
5615;9005;4198;Animal Avaliado
5616;3033;9113;Animal Avaliado
5617;9000;9112;Animal Avaliado
5618;3008;9108;Animal Avaliado
5619;9008;9108;Animal Avaliado
5620;9008;4198;Animal Avaliado
5621;3021;4102;Animal Avaliado
5622;9000;4001;Animal Avaliado
5623;9003;9105;Animal Avaliado
5624;3021;4333;Animal Avaliado
5625;3005;9104;Animal Avaliado
5626;9002;4001;Animal Avaliado
5627;3012;9104;Animal Avaliado
5628;3012;4256;Animal Avaliado
5629;9008;4210;Animal Avaliado
5630;9006;4210;Animal Avaliado
5631;3044;4315;Animal Avaliado
5632;9003;9101;Animal Avaliado
5633;3012;9108;Animal Avaliado
5634;3033;4102;Animal Avaliado
5635;9003;4102;Animal Avaliado
5636;9003;4022;Animal Avaliado
5637;9009;4256;Animal Avaliado
5638;9005;9117;Animal Avaliado
5639;9002;9118;Animal Avaliado
5640;9006;9117;Animal Avaliado
5641;9001;4102;Animal Avaliado
5642;3012;9111;Animal Avaliado
5643;3012;9102;Animal Avaliado
5644;9004;9102;Animal Avaliado
5645;9004;4256;Animal Avaliado
5646;3008;4102;Animal Avaliado
5647;3008;9106;Animal Avaliado
5648;3012;9119;Animal Avaliado
5649;9000;9102;Animal Avaliado
5650;3021;4001;Animal Avaliado
5651;3005;9103;Animal Avaliado
5652;3021;9110;Animal Avaliado
5653;9000;9104;Animal Avaliado
5654;9007;9101;Animal Avaliado
5655;3021;9101;Animal Avaliado
5656;3008;4198;Animal Avaliado
5657;9008;9102;Animal Avaliado
5658;9006;9114;Animal Avaliado
5659;9004;4001;Animal Avaliado
5660;3005;9111;Animal Avaliado
5661;9003;4210;Animal Avaliado
5662;9008;4198;Animal Avaliado
5663;9001;4055;Animal Avaliado
5664;9000;9105;Animal Avaliado
5665;3044;9110;Animal Avaliado
5666;9005;9111;Animal Avaliado
5667;9000;4102;Animal Avaliado
5668;9001;9102;Animal Avaliado
5669;9002;9102;Animal Avaliado
5670;9006;9114;Animal Avaliado
5671;3033;9106;Animal Avaliado
5672;9009;9117;Animal Avaliado
5673;9002;4102;Animal Avaliado
5674;9000;9112;Animal Avaliado
5675;3044;4022;Animal Avaliado
5676;3008;9105;Animal Avaliado
5677;3012;4055;Animal Avaliado
5678;9001;9118;Animal Avaliado
5679;3012;9118;Animal Avaliado
5680;9007;9111;Animal Avaliado
5681;9009;9105;Animal Avaliado
5682;9002;9106;Animal Avaliado
5683;9006;9117;Animal Avaliado
5684;9004;9115;Animal Avaliado
5685;9005;4022;Animal Avaliado
5686;3033;4210;Animal Avaliado
5687;3044;9112;Animal Avaliado
5688;3021;4210;Animal Avaliado
5689;9007;4480;Animal Avaliado
5690;3005;9104;Animal Avaliado
5691;3044;4315;Animal Avaliado
5692;9007;9113;Animal Avaliado
5693;9009;4333;Animal Avaliado
5694;9005;9112;Animal Avaliado
5695;9000;9112;Animal Avaliado
5696;9007;4001;Animal Avaliado
5697;3021;4333;Animal Avaliado
5698;9007;9118;Animal Avaliado
5699;9009;4055;Animal Avaliado
5700;9002;9104;Animal Avaliado
5701;9002;9109;Animal Avaliado
5702;9008;4315;Animal Avaliado
5703;9004;4102;Animal Avaliado
5704;9006;4315;Animal Avaliado
5705;3033;9104;Animal Avaliado
5706;3005;9117;Animal Avaliado
5707;9002;4480;Animal Avaliado
5708;3033;4102;Animal Avaliado
5709;9003;9112;Animal Avaliado
5710;9007;9101;Animal Avaliado
5711;3021;9106;Animal Avaliado
5712;3033;4256;Animal Avaliado
5713;9006;9116;Animal Avaliado
5714;9005;9115;Animal Avaliado
5715;3044;9102;Animal Avaliado
5716;9003;4198;Animal Avaliado
5717;3005;9100;Animal Avaliado
5718;9006;9119;Animal Avaliado
5719;3005;9111;Animal Avaliado
5720;9000;9117;Animal Avaliado
5721;9006;9113;Animal Avaliado
5722;9009;9119;Animal Avaliado
5723;3012;9119;Animal Avaliado
5724;3005;9113;Animal Avaliado
5725;3033;9101;Animal Avaliado
5726;3033;9109;Animal Avaliado
5727;3033;9115;Animal Avaliado
5728;3033;4333;Animal Avaliado
5729;9006;9116;Animal Avaliado
5730;3008;9104;Animal Avaliado
5731;3044;4055;Animal Avaliado
5732;9000;9118;Animal Avaliado
5733;9002;9116;Animal Avaliado
5734;9009;4022;Animal Avaliado
5735;9002;4055;Animal Avaliado
5736;9003;9112;Animal Avaliado
5737;9005;9119;Animal Avaliado
5738;9009;9113;Animal Avaliado
5739;9008;9103;Animal Avaliado
5740;9005;4480;Animal Avaliado
5741;9008;4198;Animal Avaliado
5742;3008;9110;Animal Avaliado
5743;9005;9110;Animal Avaliado
5744;9000;4001;Animal Avaliado
5745;9003;9104;Animal Avaliado
5746;3021;9105;Animal Avaliado
5747;3005;4315;Animal Avaliado
5748;9005;4480;Animal Avaliado
5749;9000;9118;Animal Avaliado
5750;9006;9113;Animal Avaliado
5751;3005;4480;Animal Avaliado
5752;9003;4480;Animal Avaliado
5753;9000;9100;Animal Avaliado
5754;9001;4480;Animal Avaliado
5755;9005;9116;Animal Avaliado
5756;9007;9113;Animal Avaliado
5757;3008;9104;Animal Avaliado
5758;9006;9106;Animal Avaliado
5759;9009;9114;Animal Avaliado
5760;9002;9100;Animal Avaliado
5761;9008;9101;Animal Avaliado
5762;9006;9104;Animal Avaliado
5763;9002;9119;Animal Avaliado
5764;9004;9110;Animal Avaliado
5765;9006;9116;Animal Avaliado
5766;9007;9117;Animal Avaliado
5767;9001;4022;Animal Avaliado
5768;9008;4055;Animal Avaliado
5769;9004;9112;Animal Avaliado
5770;3021;9114;Animal Avaliado
5771;9000;9105;Animal Avaliado
5772;9009;9111;Animal Avaliado
5773;3021;9115;Animal Avaliado
5774;9005;4480;Animal Avaliado
5775;3021;9111;Animal Avaliado
5776;9007;4480;Animal Avaliado
5777;9003;9109;Animal Avaliado
5778;9003;9102;Animal Avaliado
5779;9004;4480;Animal Avaliado
5780;9000;9116;Animal Avaliado
5781;9002;9113;Animal Avaliado
5782;3044;9103;Animal Avaliado
5783;9001;9114;Animal Avaliado
5784;3033;4480;Animal Avaliado
5785;9001;9114;Animal Avaliado
5786;9004;9117;Animal Avaliado
5787;9001;9100;Animal Avaliado
5788;3021;9116;Animal Avaliado
5789;9004;4198;Animal Avaliado
5790;3021;9117;Animal Avaliado
5791;9005;9102;Animal Avaliado
5792;3008;4210;Animal Avaliado
5793;9008;9106;Animal Avaliado
5794;9004;4480;Animal Avaliado
5795;3044;4198;Animal Avaliado
5796;9002;9115;Animal Avaliado
5797;9000;9110;Animal Avaliado
5798;9005;9116;Animal Avaliado
5799;9000;9115;Animal Avaliado
5800;9001;9119;Animal Avaliado
5801;9003;9119;Animal Avaliado
5802;3005;4315;Animal Avaliado
5803;9002;4198;Animal Avaliado
5804;9000;9106;Animal Avaliado
5805;3008;4210;Animal Avaliado
5806;9006;4256;Animal Avaliado
5807;9006;4055;Animal Avaliado
5808;9001;4333;Animal Avaliado
5809;9003;9108;Animal Avaliado
5810;9005;9109;Animal Avaliado
5811;9009;9106;Animal Avaliado
5812;3021;9106;Animal Avaliado
5813;9003;4256;Animal Avaliado
5814;9001;9115;Animal Avaliado
5815;9006;9117;Animal Avaliado
5816;9005;9115;Animal Avaliado
5817;3044;9108;Animal Avaliado
5818;9002;9106;Animal Avaliado
5819;3033;4480;Animal Avaliado
5820;9009;9116;Animal Avaliado
5821;9003;9118;Animal Avaliado
5822;9004;9114;Animal Avaliado
5823;3012;4102;Animal Avaliado
5824;3012;9107;Animal Avaliado
5825;9000;9118;Animal Avaliado
5826;3021;9104;Animal Avaliado
5827;9001;4022;Animal Avaliado
5828;9009;4480;Animal Avaliado
5829;9009;9109;Animal Avaliado
5830;3044;4055;Animal Avaliado
5831;9009;4198;Animal Avaliado
5832;3044;4210;Animal Avaliado
5833;9005;9107;Animal Avaliado
5834;9009;9114;Animal Avaliado
5835;9001;9109;Animal Avaliado
5836;9002;4001;Animal Avaliado
5837;9000;9119;Animal Avaliado
5838;9002;9103;Animal Avaliado
5839;3021;9118;Animal Avaliado
5840;9008;4001;Animal Avaliado
5841;3033;9103;Animal Avaliado
5842;9004;9102;Animal Avaliado
5843;3005;9103;Animal Avaliado
5844;9003;9115;Animal Avaliado
5845;9001;9102;Animal Avaliado
5846;9002;9117;Animal Avaliado
5847;3044;9118;Animal Avaliado
5848;9006;4315;Animal Avaliado
5849;3044;9109;Animal Avaliado
5850;9003;9108;Animal Avaliado
5851;3008;9116;Animal Avaliado
5852;9004;9109;Animal Avaliado
5853;9000;4102;Animal Avaliado
5854;9003;9111;Animal Avaliado
5855;9002;9106;Animal Avaliado
5856;3012;4001;Animal Avaliado
5857;9004;9107;Animal Avaliado
5858;3021;9104;Animal Avaliado
5859;3005;9101;Animal Avaliado
5860;3021;9103;Animal Avaliado
5861;3033;9103;Animal Avaliado
5862;9001;9111;Animal Avaliado
5863;9004;9116;Animal Avaliado
5864;9000;4256;Animal Avaliado
5865;3005;9111;Animal Avaliado
5866;9006;9117;Animal Avaliado
5867;9003;4198;Animal Avaliado
5868;3012;4333;Animal Avaliado
5869;9002;9117;Animal Avaliado
5870;3021;4022;Animal Avaliado
5871;9003;9104;Animal Avaliado
5872;9003;9119;Animal Avaliado
5873;9008;4001;Animal Avaliado
5874;9009;9101;Animal Avaliado
5875;3021;4102;Animal Avaliado
5876;9000;9117;Animal Avaliado
5877;9007;9110;Animal Avaliado
5878;9004;4210;Animal Avaliado
5879;9005;4333;Animal Avaliado
5880;3012;9117;Animal Avaliado
5881;3008;9107;Animal Avaliado
5882;3044;9109;Animal Avaliado
5883;9004;9110;Animal Avaliado
5884;9007;9105;Animal Avaliado
5885;9008;9117;Animal Avaliado
5886;3021;9113;Animal Avaliado
5887;9009;4315;Animal Avaliado
5888;3021;4333;Animal Avaliado
5889;9005;9110;Animal Avaliado
5890;9001;4256;Animal Avaliado
5891;9005;9109;Animal Avaliado
5892;3012;9111;Animal Avaliado
5893;9009;9107;Animal Avaliado
5894;9000;9105;Animal Avaliado
5895;3005;9101;Animal Avaliado
5896;9008;9108;Animal Avaliado
5897;9006;4198;Animal Avaliado
5898;9008;4256;Animal Avaliado
5899;9002;9113;Animal Avaliado
5900;9008;4198;Animal Avaliado
5901;9008;4210;Animal Avaliado
5902;9007;9110;Animal Avaliado
5903;9000;9107;Animal Avaliado
5904;9001;9118;Animal Avaliado
5905;9006;4256;Animal Avaliado
5906;3008;9106;Animal Avaliado
5907;9004;9109;Animal Avaliado
5908;9001;9113;Animal Avaliado
5909;3008;9117;Animal Avaliado
5910;3021;4022;Animal Avaliado
5911;9006;9109;Animal Avaliado
5912;9003;9109;Animal Avaliado
5913;9003;9116;Animal Avaliado
5914;3005;4198;Animal Avaliado
5915;9006;4256;Animal Avaliado
5916;9003;9104;Animal Avaliado
5917;9000;9115;Animal Avaliado
5918;9006;9117;Animal Avaliado
5919;9007;9119;Animal Avaliado
5920;9006;9119;Animal Avaliado
5921;9003;9107;Animal Avaliado
5922;9003;4256;Animal Avaliado
5923;9008;4333;Animal Avaliado
5924;3044;9118;Animal Avaliado
5925;3005;4102;Animal Avaliado
5926;9000;9110;Animal Avaliado
5927;9001;9110;Animal Avaliado
5928;9008;9102;Animal Avaliado
5929;9004;9105;Animal Avaliado
5930;9001;9119;Animal Avaliado
5931;3005;9118;Animal Avaliado
5932;9007;4001;Animal Avaliado
5933;9000;4001;Animal Avaliado
5934;9001;9112;Animal Avaliado
5935;9003;4102;Animal Avaliado
5936;9007;9100;Animal Avaliado
5937;3033;9105;Animal Avaliado
5938;9000;4210;Animal Avaliado
5939;9001;9101;Animal Avaliado
5940;9004;9112;Animal Avaliado
5941;3005;4256;Animal Avaliado
5942;3005;9101;Animal Avaliado
5943;9000;9113;Animal Avaliado
5944;9003;4333;Animal Avaliado
5945;3012;9114;Animal Avaliado
5946;9003;9115;Animal Avaliado
5947;3021;4055;Animal Avaliado
5948;9002;4198;Animal Avaliado
5949;9001;9110;Animal Avaliado
5950;3044;9102;Animal Avaliado
5951;3044;9109;Animal Avaliado
5952;9007;9110;Animal Avaliado
5953;9009;4333;Animal Avaliado
5954;9003;9104;Animal Avaliado
5955;9005;9109;Animal Avaliado
5956;9001;9118;Animal Avaliado
5957;3005;9118;Animal Avaliado
5958;3008;9104;Animal Avaliado
5959;3008;4210;Animal Avaliado
5960;9000;9112;Animal Avaliado
5961;3033;9100;Animal Avaliado
5962;9008;4315;Animal Avaliado
5963;9004;9108;Animal Avaliado
5964;9002;9111;Animal Avaliado
5965;3008;4333;Animal Avaliado
5966;3033;9107;Animal Avaliado
5967;3044;4480;Animal Avaliado
5968;3033;4022;Animal Avaliado
5969;9000;9118;Animal Avaliado
5970;3008;4055;Animal Avaliado
5971;9007;9111;Animal Avaliado
5972;9004;9110;Animal Avaliado
5973;9005;9101;Animal Avaliado
5974;9002;9114;Animal Avaliado
5975;3021;9105;Animal Avaliado
5976;9008;9106;Animal Avaliado
5977;9004;4315;Animal Avaliado
5978;3021;9106;Animal Avaliado
5979;9004;4022;Animal Avaliado
5980;9008;9110;Animal Avaliado
5981;3021;9112;Animal Avaliado
5982;9000;4198;Animal Avaliado
5983;3012;9107;Animal Avaliado
5984;9008;9116;Animal Avaliado
5985;9009;9100;Animal Avaliado
5986;3021;4333;Animal Avaliado
5987;9008;9103;Animal Avaliado
5988;9002;4022;Animal Avaliado
5989;3008;4198;Animal Avaliado
5990;9009;4315;Animal Avaliado
5991;9000;4001;Animal Avaliado
5992;9004;9116;Animal Avaliado
5993;9007;4210;Animal Avaliado
5994;9006;4480;Animal Avaliado
5995;3044;9100;Animal Avaliado
5996;9002;4055;Animal Avaliado
5997;3005;9118;Animal Avaliado
5998;9002;9118;Animal Avaliado
5999;3005;4315;Animal Avaliado
6000;9001;4256;Animal Avaliado
6001;9005;9113;Animal Avaliado
6002;9009;9104;Animal Avaliado
6003;3005;9101;Animal Avaliado
6004;9003;9102;Animal Avaliado
6005;9004;9113;Animal Avaliado
6006;3044;9108;Animal Avaliado
6007;9004;9105;Animal Avaliado
6008;3012;4022;Animal Avaliado
6009;3008;4333;Animal Avaliado
6010;9006;9119;Animal Avaliado
6011;3044;9111;Animal Avaliado
6012;3021;4102;Animal Avaliado
6013;3033;4210;Animal Avaliado
6014;9004;9110;Animal Avaliado
6015;9002;9116;Animal Avaliado
6016;9009;4055;Animal Avaliado
6017;9009;4210;Animal Avaliado
6018;9007;4102;Animal Avaliado
6019;9001;4480;Animal Avaliado
6020;3044;9108;Animal Avaliado
6021;9002;4480;Animal Avaliado
6022;3021;4256;Animal Avaliado
6023;3005;4333;Animal Avaliado
6024;3021;9117;Animal Avaliado
6025;9007;9117;Animal Avaliado
6026;3044;4333;Animal Avaliado
6027;9000;4001;Animal Avaliado
6028;3005;4022;Animal Avaliado
6029;3044;4480;Animal Avaliado
6030;9000;9110;Animal Avaliado
6031;9003;4102;Animal Avaliado
6032;9006;9112;Animal Avaliado
6033;9004;4210;Animal Avaliado
6034;9005;4055;Animal Avaliado
6035;9003;9106;Animal Avaliado
6036;3012;4315;Animal Avaliado
6037;9009;9112;Animal Avaliado
6038;9004;4055;Animal Avaliado
6039;9006;9100;Animal Avaliado
6040;9001;4055;Animal Avaliado
6041;9000;9116;Animal Avaliado
6042;3044;9101;Animal Avaliado
6043;9004;4001;Animal Avaliado
6044;3021;4480;Animal Avaliado
6045;3005;4102;Animal Avaliado
6046;9008;9108;Animal Avaliado
6047;3008;4333;Animal Avaliado
6048;9002;9106;Animal Avaliado
6049;3008;4102;Animal Avaliado
6050;9009;9108;Animal Avaliado
6051;9005;9116;Animal Avaliado
6052;9000;9107;Animal Avaliado
6053;9007;4198;Animal Avaliado
6054;9000;9117;Animal Avaliado
6055;3012;9113;Animal Avaliado
6056;9008;4022;Animal Avaliado
6057;3021;9119;Animal Avaliado
6058;3008;9117;Animal Avaliado
6059;9003;4333;Animal Avaliado
6060;9008;4210;Animal Avaliado
6061;9007;4198;Animal Avaliado
6062;9008;9102;Animal Avaliado
6063;9009;4198;Animal Avaliado
6064;9004;9104;Animal Avaliado
6065;3021;4055;Animal Avaliado
6066;9000;9112;Animal Avaliado
6067;9002;9107;Animal Avaliado
6068;9007;4001;Animal Avaliado
6069;9000;9106;Animal Avaliado
6070;3044;9102;Animal Avaliado
6071;9008;9100;Animal Avaliado
6072;9002;9101;Animal Avaliado
6073;9000;4333;Animal Avaliado
6074;9008;9101;Animal Avaliado
6075;3005;4022;Animal Avaliado
6076;3033;4102;Animal Avaliado
6077;9008;9100;Animal Avaliado
6078;9007;9109;Animal Avaliado
6079;9006;9116;Animal Avaliado
6080;3033;4315;Animal Avaliado
6081;3012;9117;Animal Avaliado
6082;9008;9118;Animal Avaliado
6083;9000;4480;Animal Avaliado
6084;9002;9105;Animal Avaliado
6085;9002;9101;Animal Avaliado
6086;3033;9104;Animal Avaliado
6087;9009;9104;Animal Avaliado
6088;3005;9119;Animal Avaliado
6089;3005;9103;Animal Avaliado
6090;9006;9100;Animal Avaliado
6091;9002;4315;Animal Avaliado
6092;3021;9112;Animal Avaliado
6093;3008;4315;Animal Avaliado
6094;3012;9101;Animal Avaliado
6095;9000;4102;Animal Avaliado
6096;9006;9102;Animal Avaliado
6097;9000;4256;Animal Avaliado
6098;9006;9110;Animal Avaliado
6099;9000;4333;Animal Avaliado
6100;9006;9106;Animal Avaliado
6101;3012;9116;Animal Avaliado
6102;9001;9101;Animal Avaliado
6103;9009;9107;Animal Avaliado
6104;9008;9112;Animal Avaliado
6105;3033;9115;Animal Avaliado
6106;3008;4480;Animal Avaliado
6107;9003;4198;Animal Avaliado
6108;3044;9106;Animal Avaliado
6109;9001;9103;Animal Avaliado
6110;3008;9110;Animal Avaliado
6111;9004;4022;Animal Avaliado
6112;9009;4256;Animal Avaliado
6113;9007;9110;Animal Avaliado
6114;3021;9113;Animal Avaliado
6115;9001;4022;Animal Avaliado
6116;9006;9101;Animal Avaliado
6117;9008;4256;Animal Avaliado
6118;3021;4001;Animal Avaliado
6119;3005;9107;Animal Avaliado
6120;9003;9103;Animal Avaliado
6121;3021;9107;Animal Avaliado
6122;9007;9111;Animal Avaliado
6123;3008;9112;Animal Avaliado
6124;9005;9105;Animal Avaliado
6125;9005;4256;Animal Avaliado
6126;9007;4315;Animal Avaliado
6127;9006;9111;Animal Avaliado
6128;3033;4022;Animal Avaliado
6129;9000;9103;Animal Avaliado
6130;9001;4055;Animal Avaliado
6131;9006;9106;Animal Avaliado
6132;3021;4198;Animal Avaliado
6133;9005;4022;Animal Avaliado
6134;3012;9108;Animal Avaliado
6135;3021;4055;Animal Avaliado
6136;9006;9111;Animal Avaliado
6137;9005;4256;Animal Avaliado
6138;3005;9118;Animal Avaliado
6139;9007;9106;Animal Avaliado
6140;3044;9111;Animal Avaliado
6141;3012;9109;Animal Avaliado
6142;9000;4102;Animal Avaliado
6143;9009;9101;Animal Avaliado
6144;9009;9106;Animal Avaliado
6145;9006;9101;Animal Avaliado
6146;9000;9108;Animal Avaliado
6147;3044;9108;Animal Avaliado
6148;9003;9110;Animal Avaliado
6149;9005;9110;Animal Avaliado
6150;3012;9112;Animal Avaliado
6151;3005;4256;Animal Avaliado
6152;9008;4210;Animal Avaliado
6153;3012;4055;Animal Avaliado
6154;9004;9111;Animal Avaliado
6155;3033;9112;Animal Avaliado
6156;9006;9112;Animal Avaliado
6157;9008;4210;Animal Avaliado
6158;9006;4210;Animal Avaliado
6159;3005;4055;Animal Avaliado
6160;3033;9109;Animal Avaliado
6161;3044;9108;Animal Avaliado
6162;3033;9112;Animal Avaliado
6163;9008;4256;Animal Avaliado
6164;9003;9116;Animal Avaliado
6165;9002;4315;Animal Avaliado
6166;3044;9101;Animal Avaliado
6167;9009;9103;Animal Avaliado
6168;3012;9117;Animal Avaliado
6169;3008;9111;Animal Avaliado
6170;9002;9108;Animal Avaliado
6171;9004;9104;Animal Avaliado
6172;9004;9115;Animal Avaliado
6173;3012;4333;Animal Avaliado
6174;3033;4102;Animal Avaliado
6175;9006;9100;Animal Avaliado
6176;9005;9104;Animal Avaliado
6177;9006;9113;Animal Avaliado
6178;3044;9111;Animal Avaliado
6179;9003;9119;Animal Avaliado
6180;9005;4256;Animal Avaliado
6181;9000;9113;Animal Avaliado
6182;9005;9106;Animal Avaliado
6183;9006;9111;Animal Avaliado
6184;9003;9114;Animal Avaliado
6185;3005;4210;Animal Avaliado
6186;9005;9106;Animal Avaliado
6187;3021;4210;Animal Avaliado
6188;9002;4001;Animal Avaliado
6189;9000;4315;Animal Avaliado
6190;9002;9109;Animal Avaliado
6191;9004;4480;Animal Avaliado
6192;3008;9104;Animal Avaliado
6193;9004;9111;Animal Avaliado
6194;3021;4055;Animal Avaliado
6195;9000;9104;Animal Avaliado
6196;9007;4001;Animal Avaliado
6197;9004;4315;Animal Avaliado
6198;9002;4198;Animal Avaliado
6199;9008;9113;Animal Avaliado
6200;3008;9106;Animal Avaliado
6201;9006;9110;Animal Avaliado
6202;9008;4480;Animal Avaliado
6203;9003;9114;Animal Avaliado
6204;9009;9110;Animal Avaliado
6205;9002;9103;Animal Avaliado
6206;9007;9100;Animal Avaliado
6207;3012;9106;Animal Avaliado
6208;9007;9115;Animal Avaliado
6209;3008;9114;Animal Avaliado
6210;9005;9117;Animal Avaliado
6211;9000;9105;Animal Avaliado
6212;9002;9106;Animal Avaliado
6213;3008;4480;Animal Avaliado
6214;9005;9104;Animal Avaliado
6215;3033;4102;Animal Avaliado
6216;3044;9104;Animal Avaliado
6217;9004;9103;Animal Avaliado
6218;9003;9119;Animal Avaliado
6219;9008;4055;Animal Avaliado
6220;3021;9114;Animal Avaliado
6221;3021;9103;Animal Avaliado
6222;3044;9110;Animal Avaliado
6223;9007;4256;Animal Avaliado
6224;9006;9104;Animal Avaliado
6225;3021;9103;Animal Avaliado
6226;9006;9113;Animal Avaliado
6227;3033;4198;Animal Avaliado
6228;3044;9117;Animal Avaliado
6229;3021;4198;Animal Avaliado
6230;9001;9108;Animal Avaliado
6231;3005;9111;Animal Avaliado
6232;3044;9109;Animal Avaliado
6233;9000;9104;Animal Avaliado
6234;3044;4198;Animal Avaliado
6235;9003;9102;Animal Avaliado
6236;9003;4210;Animal Avaliado
6237;9008;9102;Animal Avaliado
6238;9001;4480;Animal Avaliado
6239;9005;9105;Animal Avaliado
6240;9006;9119;Animal Avaliado
6241;3021;4256;Animal Avaliado
6242;9003;9113;Animal Avaliado
6243;9005;9109;Animal Avaliado
6244;3012;9114;Animal Avaliado
6245;3021;9112;Animal Avaliado
6246;9000;9116;Animal Avaliado
6247;3021;9106;Animal Avaliado
6248;9006;9111;Animal Avaliado
6249;9003;4022;Animal Avaliado
6250;3033;9109;Animal Avaliado
6251;9002;9113;Animal Avaliado
6252;3012;4480;Animal Avaliado
6253;3021;9109;Animal Avaliado
6254;9007;4480;Animal Avaliado
6255;3044;9102;Animal Avaliado
6256;9006;4256;Animal Avaliado
6257;3021;4210;Animal Avaliado
6258;3033;4102;Animal Avaliado
6259;9009;9114;Animal Avaliado
6260;9007;9102;Animal Avaliado
6261;9007;9111;Animal Avaliado
6262;9009;9101;Animal Avaliado
6263;9008;9105;Animal Avaliado
6264;9007;9112;Animal Avaliado
6265;9006;4001;Animal Avaliado
6266;9005;9101;Animal Avaliado
6267;9002;9111;Animal Avaliado
6268;9000;4315;Animal Avaliado
6269;9007;9109;Animal Avaliado
6270;3005;9109;Animal Avaliado
6271;9006;9107;Animal Avaliado
6272;9008;9100;Animal Avaliado
6273;9001;9116;Animal Avaliado
6274;3021;9115;Animal Avaliado
6275;9007;9103;Animal Avaliado
6276;3021;9103;Animal Avaliado
6277;3008;4333;Animal Avaliado
6278;9000;9117;Animal Avaliado
6279;9003;9103;Animal Avaliado
6280;3005;4315;Animal Avaliado
6281;9000;9113;Animal Avaliado
6282;9008;9100;Animal Avaliado
6283;9004;4315;Animal Avaliado
6284;3033;9115;Animal Avaliado
6285;3012;9114;Animal Avaliado
6286;9002;4055;Animal Avaliado
6287;9002;9114;Animal Avaliado
6288;3012;9107;Animal Avaliado
6289;9008;9115;Animal Avaliado
6290;9005;9118;Animal Avaliado
6291;9007;9105;Animal Avaliado
6292;9006;4315;Animal Avaliado
6293;3008;4198;Animal Avaliado
6294;3033;9118;Animal Avaliado
6295;3005;9108;Animal Avaliado
6296;3021;4198;Animal Avaliado
6297;9008;9118;Animal Avaliado
6298;9006;9117;Animal Avaliado
6299;3008;9119;Animal Avaliado
6300;9008;4102;Animal Avaliado
6301;3033;4022;Animal Avaliado
6302;9002;9116;Animal Avaliado
6303;3005;9107;Animal Avaliado
6304;9000;9106;Animal Avaliado
6305;3044;9100;Animal Avaliado
6306;9000;9111;Animal Avaliado
6307;9003;9113;Animal Avaliado
6308;3021;9110;Animal Avaliado
6309;3033;4001;Animal Avaliado
6310;3012;9119;Animal Avaliado
6311;9003;9117;Animal Avaliado
6312;9008;9109;Animal Avaliado
6313;3012;4256;Animal Avaliado
6314;9009;9102;Animal Avaliado
6315;9006;9110;Animal Avaliado
6316;3033;9109;Animal Avaliado
6317;9007;9101;Animal Avaliado
6318;9009;4198;Animal Avaliado
6319;9005;4333;Animal Avaliado
6320;3044;9104;Animal Avaliado
6321;9000;4198;Animal Avaliado
6322;3021;9103;Animal Avaliado
6323;9001;4001;Animal Avaliado
6324;9009;4210;Animal Avaliado
6325;3005;9112;Animal Avaliado
6326;9008;9103;Animal Avaliado
6327;3033;4055;Animal Avaliado
6328;9009;9117;Animal Avaliado
6329;9004;4198;Animal Avaliado
6330;9005;4022;Animal Avaliado
6331;3044;9105;Animal Avaliado
6332;9006;9119;Animal Avaliado
6333;9006;9111;Animal Avaliado
6334;9006;9104;Animal Avaliado
6335;9009;9100;Animal Avaliado
6336;3008;4256;Animal Avaliado
6337;9001;4256;Animal Avaliado
6338;9004;9102;Animal Avaliado
6339;9001;9102;Animal Avaliado
6340;9008;4333;Animal Avaliado
6341;3005;9117;Animal Avaliado
6342;9004;9119;Animal Avaliado
6343;9002;9111;Animal Avaliado
6344;9008;9107;Animal Avaliado
6345;3008;9109;Animal Avaliado
6346;3033;9113;Animal Avaliado
6347;9002;9100;Animal Avaliado
6348;9004;4102;Animal Avaliado
6349;9004;9103;Animal Avaliado
6350;9007;9103;Animal Avaliado
6351;9005;9108;Animal Avaliado
6352;9009;9105;Animal Avaliado
6353;3044;4480;Animal Avaliado
6354;9002;9106;Animal Avaliado
6355;9004;9116;Animal Avaliado
6356;9004;9115;Animal Avaliado
6357;9009;9102;Animal Avaliado
6358;9001;9114;Animal Avaliado
6359;3033;4102;Animal Avaliado
6360;3021;9101;Animal Avaliado
6361;9005;9103;Animal Avaliado
6362;9001;9102;Animal Avaliado
6363;9007;9110;Animal Avaliado
6364;9001;9116;Animal Avaliado
6365;3044;4102;Animal Avaliado
6366;9001;9102;Animal Avaliado
6367;9002;4210;Animal Avaliado
6368;9006;4022;Animal Avaliado
6369;9006;4480;Animal Avaliado
6370;3033;9104;Animal Avaliado
6371;9000;4055;Animal Avaliado
6372;3044;9103;Animal Avaliado
6373;3005;9110;Animal Avaliado
6374;3005;4315;Animal Avaliado
6375;9007;9107;Animal Avaliado
6376;9005;4022;Animal Avaliado
6377;9001;4055;Animal Avaliado
6378;9002;9104;Animal Avaliado
6379;3021;9103;Animal Avaliado
6380;3044;4210;Animal Avaliado
6381;3033;4480;Animal Avaliado
6382;3008;9114;Animal Avaliado
6383;9001;9114;Animal Avaliado
6384;3033;9114;Animal Avaliado
6385;9001;9114;Animal Avaliado
6386;3044;4102;Animal Avaliado
6387;3033;9114;Animal Avaliado
6388;9001;9104;Animal Avaliado
6389;9006;9103;Animal Avaliado
6390;9000;9110;Animal Avaliado
6391;3005;9102;Animal Avaliado
6392;3005;9117;Animal Avaliado
6393;3008;9108;Animal Avaliado
6394;9006;9109;Animal Avaliado
6395;9001;9115;Animal Avaliado
6396;3044;9116;Animal Avaliado
6397;9001;9114;Animal Avaliado
6398;3044;4055;Animal Avaliado
6399;3033;4055;Animal Avaliado
6400;9007;4256;Animal Avaliado
6401;9007;9107;Animal Avaliado
6402;3012;9106;Animal Avaliado
6403;9007;4333;Animal Avaliado
6404;9006;4333;Animal Avaliado
6405;9006;4256;Animal Avaliado
6406;3021;9116;Animal Avaliado
6407;3033;9115;Animal Avaliado
6408;3033;4102;Animal Avaliado
6409;9003;9117;Animal Avaliado
6410;9000;9111;Animal Avaliado
6411;9001;4315;Animal Avaliado
6412;9007;9100;Animal Avaliado
6413;9006;9103;Animal Avaliado
6414;9009;4480;Animal Avaliado
6415;3012;9103;Animal Avaliado
6416;9006;9105;Animal Avaliado
6417;9007;4102;Animal Avaliado
6418;9004;4333;Animal Avaliado
6419;9001;9108;Animal Avaliado
6420;9004;4102;Animal Avaliado
6421;3008;9115;Animal Avaliado
6422;9000;9113;Animal Avaliado
6423;3033;9110;Animal Avaliado
6424;9002;4102;Animal Avaliado
6425;9003;9112;Animal Avaliado
6426;3008;4210;Animal Avaliado
6427;3033;4480;Animal Avaliado
6428;3033;4315;Animal Avaliado
6429;3021;9102;Animal Avaliado
6430;9000;9118;Animal Avaliado
6431;3044;9105;Animal Avaliado
6432;3044;4001;Animal Avaliado
6433;3044;4022;Animal Avaliado
6434;9007;9104;Animal Avaliado
6435;3044;9103;Animal Avaliado
6436;9008;4198;Animal Avaliado
6437;3021;9110;Animal Avaliado
6438;9005;9107;Animal Avaliado
6439;9001;4210;Animal Avaliado
6440;9005;4315;Animal Avaliado
6441;9001;9116;Animal Avaliado
6442;3005;4198;Animal Avaliado
6443;3008;4102;Animal Avaliado
6444;3005;9115;Animal Avaliado
6445;9004;9119;Animal Avaliado
6446;3012;4055;Animal Avaliado
6447;9005;9103;Animal Avaliado
6448;3005;9103;Animal Avaliado
6449;9005;4256;Animal Avaliado
6450;3033;9119;Animal Avaliado
6451;3044;9101;Animal Avaliado
6452;3021;4333;Animal Avaliado
6453;9002;9103;Animal Avaliado
6454;3005;4256;Animal Avaliado
6455;3012;9101;Animal Avaliado
6456;3033;4055;Animal Avaliado
6457;9008;9104;Animal Avaliado
6458;9003;9109;Animal Avaliado
6459;3021;4256;Animal Avaliado
6460;9008;9109;Animal Avaliado
6461;9001;9103;Animal Avaliado
6462;9001;4001;Animal Avaliado
6463;9003;4480;Animal Avaliado
6464;9004;9106;Animal Avaliado
6465;9001;9118;Animal Avaliado
6466;3044;9118;Animal Avaliado
6467;9002;9101;Animal Avaliado
6468;9005;9107;Animal Avaliado
6469;9005;4210;Animal Avaliado
6470;3021;9110;Animal Avaliado
6471;3021;9110;Animal Avaliado
6472;3012;9102;Animal Avaliado
6473;9004;9102;Animal Avaliado
6474;3005;4102;Animal Avaliado
6475;9005;9103;Animal Avaliado
6476;9008;9110;Animal Avaliado
6477;3012;9114;Animal Avaliado
6478;9004;9109;Animal Avaliado
6479;3033;9100;Animal Avaliado
6480;9004;4480;Animal Avaliado
6481;3005;9106;Animal Avaliado
6482;9005;9119;Animal Avaliado
6483;3012;9104;Animal Avaliado
6484;9008;9114;Animal Avaliado
6485;3005;9114;Animal Avaliado
6486;9009;9107;Animal Avaliado
6487;3005;9100;Animal Avaliado
6488;3033;9107;Animal Avaliado
6489;3008;9107;Animal Avaliado
6490;3021;9106;Animal Avaliado
6491;3008;4315;Animal Avaliado
6492;3012;4315;Animal Avaliado
6493;3033;4001;Animal Avaliado
6494;3005;9104;Animal Avaliado
6495;3005;9105;Animal Avaliado
6496;9008;9111;Animal Avaliado
6497;3044;9109;Animal Avaliado
6498;9000;4022;Animal Avaliado
6499;9006;9107;Animal Avaliado
6500;3008;9104;Animal Avaliado
6501;3008;9104;Animal Avaliado
6502;9008;9110;Animal Avaliado
6503;3033;9105;Animal Avaliado
6504;9006;9102;Animal Avaliado
6505;3005;9100;Animal Avaliado
6506;9008;9111;Animal Avaliado
6507;3021;4480;Animal Avaliado
6508;9002;9114;Animal Avaliado
6509;9008;9109;Animal Avaliado
6510;3008;9102;Animal Avaliado
6511;9007;9116;Animal Avaliado
6512;3033;9118;Animal Avaliado
6513;9009;4333;Animal Avaliado
6514;9002;4210;Animal Avaliado
6515;9002;4315;Animal Avaliado
6516;3005;9118;Animal Avaliado
6517;3012;9100;Animal Avaliado
6518;9003;9113;Animal Avaliado
6519;3021;4022;Animal Avaliado
6520;9001;4055;Animal Avaliado
6521;9004;4256;Animal Avaliado
6522;9003;9102;Animal Avaliado
6523;3021;9102;Animal Avaliado
6524;9009;9112;Animal Avaliado
6525;9004;4102;Animal Avaliado
6526;9004;9109;Animal Avaliado
6527;9001;9106;Animal Avaliado
6528;9007;4198;Animal Avaliado
6529;3044;9119;Animal Avaliado
6530;3021;4333;Animal Avaliado
6531;3033;9116;Animal Avaliado
6532;3005;9105;Animal Avaliado
6533;3044;9113;Animal Avaliado
6534;9002;4055;Animal Avaliado
6535;9006;4256;Animal Avaliado
6536;9003;4480;Animal Avaliado
6537;3005;9105;Animal Avaliado
6538;9007;4001;Animal Avaliado
6539;3033;9104;Animal Avaliado
6540;9001;4198;Animal Avaliado
6541;9007;4315;Animal Avaliado
6542;9007;9115;Animal Avaliado
6543;9000;9109;Animal Avaliado
6544;9000;9106;Animal Avaliado
6545;3021;9107;Animal Avaliado
6546;3012;4001;Animal Avaliado
6547;9005;4198;Animal Avaliado
6548;9006;9101;Animal Avaliado
6549;9002;9100;Animal Avaliado
6550;3021;4315;Animal Avaliado
6551;3012;9106;Animal Avaliado
6552;9003;4210;Animal Avaliado
6553;3012;9108;Animal Avaliado
6554;9001;9103;Animal Avaliado
6555;9003;4315;Animal Avaliado
6556;9009;4001;Animal Avaliado
6557;9009;9119;Animal Avaliado
6558;3008;9103;Animal Avaliado
6559;9008;9100;Animal Avaliado
6560;9003;9119;Animal Avaliado
6561;9004;9119;Animal Avaliado
6562;3012;4210;Animal Avaliado
6563;3021;4315;Animal Avaliado
6564;9006;4102;Animal Avaliado
6565;9009;9103;Animal Avaliado
6566;9005;4022;Animal Avaliado
6567;3044;9108;Animal Avaliado
6568;3005;9118;Animal Avaliado
6569;3044;9109;Animal Avaliado
6570;3021;9110;Animal Avaliado
6571;3021;9111;Animal Avaliado
6572;3012;9117;Animal Avaliado
6573;9002;9105;Animal Avaliado
6574;3005;4055;Animal Avaliado
6575;9008;9116;Animal Avaliado
6576;9005;9108;Animal Avaliado
6577;3005;4055;Animal Avaliado
6578;3005;9102;Animal Avaliado
6579;9006;9101;Animal Avaliado
6580;9000;4102;Animal Avaliado
6581;3008;9106;Animal Avaliado
6582;3005;9116;Animal Avaliado
6583;9006;4001;Animal Avaliado
6584;9008;4022;Animal Avaliado
6585;3021;9101;Animal Avaliado
6586;9005;4333;Animal Avaliado
6587;9009;9115;Animal Avaliado
6588;9003;9108;Animal Avaliado
6589;9003;4480;Animal Avaliado
6590;9009;9105;Animal Avaliado
6591;9002;9102;Animal Avaliado
6592;3033;4210;Animal Avaliado
6593;9004;9117;Animal Avaliado
6594;3033;9107;Animal Avaliado
6595;3021;9101;Animal Avaliado
6596;9000;9106;Animal Avaliado
6597;9006;4480;Animal Avaliado
6598;3008;9100;Animal Avaliado
6599;3033;4256;Animal Avaliado
6600;3008;4480;Animal Avaliado
6601;9002;9113;Animal Avaliado
6602;9008;9109;Animal Avaliado
6603;3021;9103;Animal Avaliado
6604;9009;9119;Animal Avaliado
6605;9007;9115;Animal Avaliado
6606;9001;4333;Animal Avaliado
6607;9008;9103;Animal Avaliado
6608;9009;4315;Animal Avaliado
6609;3012;9107;Animal Avaliado
6610;3012;4480;Animal Avaliado
6611;9005;9101;Animal Avaliado
6612;3012;9115;Animal Avaliado
6613;3005;9117;Animal Avaliado
6614;9002;9106;Animal Avaliado
6615;9009;9109;Animal Avaliado
6616;3033;4022;Animal Avaliado
6617;3033;9115;Animal Avaliado
6618;9002;9111;Animal Avaliado
6619;3044;4198;Animal Avaliado
6620;9001;9119;Animal Avaliado
6621;9004;9112;Animal Avaliado
6622;3012;4256;Animal Avaliado
6623;9006;9118;Animal Avaliado
6624;9003;9117;Animal Avaliado
6625;9002;4256;Animal Avaliado
6626;9000;9110;Animal Avaliado
6627;3012;9104;Animal Avaliado
6628;9002;9114;Animal Avaliado
6629;9001;9113;Animal Avaliado
6630;9007;4102;Animal Avaliado
6631;3033;4480;Animal Avaliado
6632;9002;9114;Animal Avaliado
6633;3012;9102;Animal Avaliado
6634;9003;9113;Animal Avaliado
6635;9002;9112;Animal Avaliado
6636;9001;9100;Animal Avaliado
6637;3021;9115;Animal Avaliado
6638;9002;9100;Animal Avaliado
6639;3008;9112;Animal Avaliado
6640;9007;4055;Animal Avaliado
6641;9008;4333;Animal Avaliado
6642;3012;4198;Animal Avaliado
6643;9007;9101;Animal Avaliado
6644;9009;9105;Animal Avaliado
6645;3005;9119;Animal Avaliado
6646;9000;4001;Animal Avaliado
6647;3008;9100;Animal Avaliado
6648;3044;9108;Animal Avaliado
6649;9006;9101;Animal Avaliado
6650;9005;4210;Animal Avaliado
6651;3021;4102;Animal Avaliado
6652;3033;4315;Animal Avaliado
6653;9006;9106;Animal Avaliado
6654;9006;9118;Animal Avaliado
6655;9000;4055;Animal Avaliado
6656;9009;9106;Animal Avaliado
6657;9008;4256;Animal Avaliado
6658;9007;9104;Animal Avaliado
6659;3012;9106;Animal Avaliado
6660;9001;9119;Animal Avaliado
6661;9001;9115;Animal Avaliado
6662;9005;9103;Animal Avaliado
6663;3008;4022;Animal Avaliado
6664;3012;4022;Animal Avaliado
6665;3008;9119;Animal Avaliado
6666;9009;9119;Animal Avaliado
6667;9006;4256;Animal Avaliado
6668;9006;9115;Animal Avaliado
6669;9001;9118;Animal Avaliado
6670;3008;4256;Animal Avaliado
6671;9009;9116;Animal Avaliado
6672;9004;4102;Animal Avaliado
6673;3044;4256;Animal Avaliado
6674;9005;9115;Animal Avaliado
6675;3005;9110;Animal Avaliado
6676;3008;4102;Animal Avaliado
6677;9002;9106;Animal Avaliado
6678;3021;4102;Animal Avaliado
6679;9003;4001;Animal Avaliado
6680;9004;4315;Animal Avaliado
6681;3021;9119;Animal Avaliado
6682;9004;4001;Animal Avaliado
6683;3021;9103;Animal Avaliado
6684;9009;9119;Animal Avaliado
6685;9005;4022;Animal Avaliado
6686;3044;4198;Animal Avaliado
6687;9006;9109;Animal Avaliado
6688;3005;4256;Animal Avaliado
6689;3033;9118;Animal Avaliado
6690;9009;4210;Animal Avaliado
6691;9001;9103;Animal Avaliado
6692;9007;9114;Animal Avaliado
6693;9005;9100;Animal Avaliado
6694;9001;9102;Animal Avaliado
6695;3044;9117;Animal Avaliado
6696;9007;4001;Animal Avaliado
6697;3005;4001;Animal Avaliado
6698;3033;9108;Animal Avaliado
6699;9002;9111;Animal Avaliado
6700;3005;9101;Animal Avaliado
6701;9004;4055;Animal Avaliado
6702;9001;4315;Animal Avaliado
6703;3033;9100;Animal Avaliado
6704;9009;9119;Animal Avaliado
6705;9009;9115;Animal Avaliado
6706;9002;9106;Animal Avaliado
6707;9000;9113;Animal Avaliado
6708;9000;4198;Animal Avaliado
6709;9004;9101;Animal Avaliado
6710;3033;9115;Animal Avaliado
6711;9000;9108;Animal Avaliado
6712;3008;9108;Animal Avaliado
6713;9005;4022;Animal Avaliado
6714;3012;9113;Animal Avaliado
6715;3033;9105;Animal Avaliado
6716;9005;4022;Animal Avaliado
6717;9009;9104;Animal Avaliado
6718;3008;9119;Animal Avaliado
6719;9007;9105;Animal Avaliado
6720;3044;4055;Animal Avaliado
6721;9003;9106;Animal Avaliado
6722;9000;4022;Animal Avaliado
6723;3008;4210;Animal Avaliado
6724;9006;4210;Animal Avaliado
6725;3008;9106;Animal Avaliado
6726;9006;4333;Animal Avaliado
6727;9001;4333;Animal Avaliado
6728;3005;9116;Animal Avaliado
6729;3033;9114;Animal Avaliado
6730;9006;4333;Animal Avaliado
6731;3012;4333;Animal Avaliado
6732;9000;9118;Animal Avaliado
6733;3033;9108;Animal Avaliado
6734;9009;4210;Animal Avaliado
6735;9003;4022;Animal Avaliado
6736;9006;4315;Animal Avaliado
6737;3044;4022;Animal Avaliado
6738;9004;4333;Animal Avaliado
6739;9004;9119;Animal Avaliado
6740;9002;9116;Animal Avaliado
6741;9008;9118;Animal Avaliado
6742;9001;9114;Animal Avaliado
6743;9005;4198;Animal Avaliado
6744;3012;9112;Animal Avaliado
6745;3005;9109;Animal Avaliado
6746;3044;9111;Animal Avaliado
6747;9000;4055;Animal Avaliado
6748;3008;9109;Animal Avaliado
6749;9009;9100;Animal Avaliado
6750;9008;9101;Animal Avaliado
6751;3033;9115;Animal Avaliado
6752;9000;9110;Animal Avaliado
6753;3012;9119;Animal Avaliado
6754;9000;4315;Animal Avaliado
6755;9004;9111;Animal Avaliado
6756;9001;9101;Animal Avaliado
6757;3021;9108;Animal Avaliado
6758;9006;4256;Animal Avaliado
6759;9008;9112;Animal Avaliado
6760;3005;9111;Animal Avaliado
6761;9004;4333;Animal Avaliado
6762;9008;4055;Animal Avaliado
6763;3008;9118;Animal Avaliado
6764;9007;9102;Animal Avaliado
6765;9003;4210;Animal Avaliado
6766;3044;9101;Animal Avaliado
6767;9006;9103;Animal Avaliado
6768;9005;9111;Animal Avaliado
6769;3008;9119;Animal Avaliado
6770;3044;9102;Animal Avaliado
6771;9003;4102;Animal Avaliado
6772;9009;9104;Animal Avaliado
6773;3005;9110;Animal Avaliado
6774;9007;9114;Animal Avaliado
6775;3005;9104;Animal Avaliado
6776;3012;9106;Animal Avaliado
6777;9006;9114;Animal Avaliado
6778;9009;9107;Animal Avaliado
6779;9000;9108;Animal Avaliado
6780;9000;4102;Animal Avaliado
6781;9000;9111;Animal Avaliado
6782;9002;9115;Animal Avaliado
6783;3033;9105;Animal Avaliado
6784;3012;9111;Animal Avaliado
6785;9008;9107;Animal Avaliado
6786;9003;9117;Animal Avaliado
6787;3005;9103;Animal Avaliado
6788;9004;4198;Animal Avaliado
6789;9008;9103;Animal Avaliado
6790;3044;9100;Animal Avaliado
6791;9004;4055;Animal Avaliado
6792;3008;4055;Animal Avaliado
6793;9003;9113;Animal Avaliado
6794;9006;4001;Animal Avaliado
6795;3012;9117;Animal Avaliado
6796;3021;4315;Animal Avaliado
6797;3044;9102;Animal Avaliado
6798;9008;9111;Animal Avaliado
6799;9008;9108;Animal Avaliado
6800;9000;9108;Animal Avaliado
6801;9005;9103;Animal Avaliado
6802;3021;9119;Animal Avaliado
6803;3012;9101;Animal Avaliado
6804;9001;9107;Animal Avaliado
6805;3012;9108;Animal Avaliado
6806;3008;4480;Animal Avaliado
6807;9006;9113;Animal Avaliado
6808;9002;9108;Animal Avaliado
6809;9005;9101;Animal Avaliado
6810;9001;9117;Animal Avaliado
6811;9002;9117;Animal Avaliado
6812;9005;9108;Animal Avaliado
6813;9000;4256;Animal Avaliado
6814;3021;4198;Animal Avaliado
6815;9001;9101;Animal Avaliado
6816;9008;9100;Animal Avaliado
6817;9003;9116;Animal Avaliado
6818;3012;9117;Animal Avaliado
6819;9007;9106;Animal Avaliado
6820;3044;9111;Animal Avaliado
6821;9006;9112;Animal Avaliado
6822;9008;9110;Animal Avaliado
6823;9001;4055;Animal Avaliado
6824;9005;9106;Animal Avaliado
6825;3008;9100;Animal Avaliado
6826;9005;9104;Animal Avaliado
6827;3021;9105;Animal Avaliado
6828;9002;9105;Animal Avaliado
6829;3044;4315;Animal Avaliado
6830;9000;4256;Animal Avaliado
6831;9006;4333;Animal Avaliado
6832;3005;9114;Animal Avaliado
6833;9006;9114;Animal Avaliado
6834;9006;4022;Animal Avaliado
6835;9005;9118;Animal Avaliado
6836;3033;9107;Animal Avaliado
6837;9008;4022;Animal Avaliado
6838;9004;4102;Animal Avaliado
6839;9002;9109;Animal Avaliado
6840;9002;9102;Animal Avaliado
6841;9001;9116;Animal Avaliado
6842;9007;4315;Animal Avaliado
6843;9003;9110;Animal Avaliado
6844;9008;9104;Animal Avaliado
6845;9008;9113;Animal Avaliado
6846;9008;4198;Animal Avaliado
6847;9005;9111;Animal Avaliado
6848;9000;9102;Animal Avaliado
6849;3044;9100;Animal Avaliado
6850;3012;9116;Animal Avaliado
6851;9007;4333;Animal Avaliado
6852;9002;4001;Animal Avaliado
6853;3008;4055;Animal Avaliado
6854;3044;9111;Animal Avaliado
6855;9006;4055;Animal Avaliado
6856;9005;9105;Animal Avaliado
6857;3012;9105;Animal Avaliado
6858;9008;9119;Animal Avaliado
6859;3005;4210;Animal Avaliado
6860;9006;9116;Animal Avaliado
6861;3008;4001;Animal Avaliado
6862;9005;9107;Animal Avaliado
6863;9008;9116;Animal Avaliado
6864;9007;4256;Animal Avaliado
6865;3005;9106;Animal Avaliado
6866;3021;9101;Animal Avaliado
6867;3008;4022;Animal Avaliado
6868;3021;9107;Animal Avaliado
6869;9006;9109;Animal Avaliado
6870;3008;9108;Animal Avaliado
6871;9003;9108;Animal Avaliado
6872;9001;9105;Animal Avaliado
6873;9005;9104;Animal Avaliado
6874;9007;4198;Animal Avaliado
6875;9003;9112;Animal Avaliado
6876;3033;4315;Animal Avaliado
6877;9002;9117;Animal Avaliado
6878;9006;4001;Animal Avaliado
6879;9002;9104;Animal Avaliado
6880;9003;4001;Animal Avaliado
6881;3005;9114;Animal Avaliado
6882;3044;4333;Animal Avaliado
6883;9005;4055;Animal Avaliado
6884;9007;9113;Animal Avaliado
6885;3008;4480;Animal Avaliado
6886;9002;9106;Animal Avaliado
6887;9008;9117;Animal Avaliado
6888;3021;9105;Animal Avaliado
6889;9002;9108;Animal Avaliado
6890;9004;9102;Animal Avaliado
6891;9005;9117;Animal Avaliado
6892;9000;9117;Animal Avaliado
6893;9001;9112;Animal Avaliado
6894;3005;9113;Animal Avaliado
6895;9008;9117;Animal Avaliado
6896;9001;9115;Animal Avaliado
6897;3005;9105;Animal Avaliado
6898;9008;9107;Animal Avaliado
6899;9000;9106;Animal Avaliado
6900;9008;9115;Animal Avaliado
6901;9000;9105;Animal Avaliado
6902;9001;9112;Animal Avaliado
6903;9000;9116;Animal Avaliado
6904;9000;4256;Animal Avaliado
6905;3021;9108;Animal Avaliado
6906;9001;9109;Animal Avaliado
6907;3033;9107;Animal Avaliado
6908;9001;9110;Animal Avaliado
6909;3012;4102;Animal Avaliado
6910;9006;9109;Animal Avaliado
6911;9008;4333;Animal Avaliado
6912;9006;9118;Animal Avaliado
6913;9008;9109;Animal Avaliado
6914;3033;9102;Animal Avaliado
6915;3044;9116;Animal Avaliado
6916;9007;9114;Animal Avaliado
6917;9002;9111;Animal Avaliado
6918;9000;9118;Animal Avaliado
6919;9006;4102;Animal Avaliado
6920;3044;4198;Animal Avaliado
6921;9003;9117;Animal Avaliado
6922;3033;9114;Animal Avaliado
6923;3033;9104;Animal Avaliado
6924;9009;9103;Animal Avaliado
6925;9003;4210;Animal Avaliado
6926;9003;4055;Animal Avaliado
6927;9009;4210;Animal Avaliado
6928;9003;9101;Animal Avaliado
6929;3008;4333;Animal Avaliado
6930;9004;9119;Animal Avaliado
6931;9006;9117;Animal Avaliado
6932;9007;4055;Animal Avaliado
6933;3008;9119;Animal Avaliado
6934;9006;4001;Animal Avaliado
6935;9005;4001;Animal Avaliado
6936;3044;9100;Animal Avaliado
6937;9004;9101;Animal Avaliado
6938;3008;9104;Animal Avaliado
6939;3005;4315;Animal Avaliado
6940;3021;4102;Animal Avaliado
6941;9006;9107;Animal Avaliado
6942;9005;9107;Animal Avaliado
6943;9002;4022;Animal Avaliado
6944;9006;9115;Animal Avaliado
6945;9005;4055;Animal Avaliado
6946;9002;4333;Animal Avaliado
6947;9004;9101;Animal Avaliado
6948;3021;9115;Animal Avaliado
6949;3021;9109;Animal Avaliado
6950;3012;4210;Animal Avaliado
6951;9003;9116;Animal Avaliado
6952;3012;9117;Animal Avaliado
6953;9002;4333;Animal Avaliado
6954;9001;4022;Animal Avaliado
6955;9003;9118;Animal Avaliado
6956;3008;9113;Animal Avaliado
6957;9008;9104;Animal Avaliado
6958;9009;4256;Animal Avaliado
6959;9000;9102;Animal Avaliado
6960;3044;9119;Animal Avaliado
6961;3005;9114;Animal Avaliado
6962;9006;4256;Animal Avaliado
6963;9008;9111;Animal Avaliado
6964;9002;9107;Animal Avaliado
6965;3012;4480;Animal Avaliado
6966;3033;9108;Animal Avaliado
6967;3021;9102;Animal Avaliado
6968;9000;9113;Animal Avaliado
6969;9009;4102;Animal Avaliado
6970;9008;9111;Animal Avaliado
6971;9001;9103;Animal Avaliado
6972;3005;9116;Animal Avaliado
6973;9005;9113;Animal Avaliado
6974;9007;9101;Animal Avaliado
6975;9001;9114;Animal Avaliado
6976;9001;9118;Animal Avaliado
6977;3033;9115;Animal Avaliado
6978;3005;9104;Animal Avaliado
6979;9004;9100;Animal Avaliado
6980;3005;4022;Animal Avaliado
6981;9004;9118;Animal Avaliado
6982;9008;4256;Animal Avaliado
6983;9000;9117;Animal Avaliado
6984;9001;9113;Animal Avaliado
6985;9003;4055;Animal Avaliado
6986;9002;9111;Animal Avaliado
6987;9008;4210;Animal Avaliado
6988;9007;9117;Animal Avaliado
6989;9005;9101;Animal Avaliado
6990;3012;4055;Animal Avaliado
6991;3005;9113;Animal Avaliado
6992;9002;9104;Animal Avaliado
6993;9007;9107;Animal Avaliado
6994;9009;4315;Animal Avaliado
6995;9007;9113;Animal Avaliado
6996;3033;4022;Animal Avaliado
6997;9005;4102;Animal Avaliado
6998;9003;9118;Animal Avaliado
6999;9001;9107;Animal Avaliado
7000;3021;9113;Animal Avaliado
7001;9008;9118;Animal Avaliado
7002;9007;4315;Animal Avaliado
7003;9000;9114;Animal Avaliado
7004;9004;9112;Animal Avaliado
7005;9006;4256;Animal Avaliado
7006;3012;9112;Animal Avaliado
7007;3044;9112;Animal Avaliado
7008;9001;9119;Animal Avaliado
7009;9008;9119;Animal Avaliado
7010;3044;4480;Animal Avaliado
7011;9008;4315;Animal Avaliado
7012;9001;4315;Animal Avaliado
7013;9001;9108;Animal Avaliado
7014;3044;9110;Animal Avaliado
7015;9000;9117;Animal Avaliado
7016;9004;9115;Animal Avaliado
7017;9008;4102;Animal Avaliado
7018;3012;9107;Animal Avaliado
7019;3021;9100;Animal Avaliado
7020;3012;9113;Animal Avaliado
7021;9007;9100;Animal Avaliado
7022;3021;9112;Animal Avaliado
7023;9003;9111;Animal Avaliado
7024;3005;9106;Animal Avaliado
7025;9009;9104;Animal Avaliado
7026;3033;4315;Animal Avaliado
7027;3021;9117;Animal Avaliado
7028;3033;4256;Animal Avaliado
7029;9008;4210;Animal Avaliado
7030;3012;9113;Animal Avaliado
7031;9004;9115;Animal Avaliado
7032;3044;9117;Animal Avaliado
7033;9004;4022;Animal Avaliado
7034;9004;9102;Animal Avaliado
7035;9002;4055;Animal Avaliado
7036;3005;9107;Animal Avaliado
7037;3005;9115;Animal Avaliado
7038;9006;4210;Animal Avaliado
7039;3008;9119;Animal Avaliado
7040;3044;9112;Animal Avaliado
7041;3012;9101;Animal Avaliado
7042;9003;4198;Animal Avaliado
7043;3012;4022;Animal Avaliado
7044;3021;9117;Animal Avaliado
7045;3008;4315;Animal Avaliado
7046;9005;9102;Animal Avaliado
7047;3008;4001;Animal Avaliado
7048;9003;9108;Animal Avaliado
7049;9000;4102;Animal Avaliado
7050;3005;4333;Animal Avaliado
7051;9004;4256;Animal Avaliado
7052;3033;9114;Animal Avaliado
7053;3021;9101;Animal Avaliado
7054;9009;4256;Animal Avaliado
7055;3021;4022;Animal Avaliado
7056;9003;9114;Animal Avaliado
7057;3044;4333;Animal Avaliado
7058;9003;9100;Animal Avaliado
7059;9007;4210;Animal Avaliado
7060;3033;9106;Animal Avaliado
7061;9005;4210;Animal Avaliado
7062;3044;9108;Animal Avaliado
7063;3008;4210;Animal Avaliado
7064;9007;9117;Animal Avaliado
7065;3012;9116;Animal Avaliado
7066;9008;9113;Animal Avaliado
7067;3012;4198;Animal Avaliado
7068;9005;9119;Animal Avaliado
7069;9000;9101;Animal Avaliado
7070;3008;4210;Animal Avaliado
7071;9008;9110;Animal Avaliado
7072;9001;4001;Animal Avaliado
7073;9009;4102;Animal Avaliado
7074;3012;9110;Animal Avaliado
7075;9008;4055;Animal Avaliado
7076;3012;9110;Animal Avaliado
7077;9000;9116;Animal Avaliado
7078;3021;9117;Animal Avaliado
7079;9002;9107;Animal Avaliado
7080;9000;4315;Animal Avaliado
7081;3021;9100;Animal Avaliado
7082;3033;9106;Animal Avaliado
7083;3012;9101;Animal Avaliado
7084;9005;9117;Animal Avaliado
7085;9008;4256;Animal Avaliado
7086;3005;9111;Animal Avaliado
7087;9003;4480;Animal Avaliado
7088;9009;9114;Animal Avaliado
7089;3021;9102;Animal Avaliado
7090;9009;4055;Animal Avaliado
7091;9000;4102;Animal Avaliado
7092;9009;4001;Animal Avaliado
7093;9006;9114;Animal Avaliado
7094;3033;9113;Animal Avaliado
7095;9004;9108;Animal Avaliado
7096;3008;9111;Animal Avaliado
7097;3021;9106;Animal Avaliado
7098;3005;4210;Animal Avaliado
7099;9006;9116;Animal Avaliado
7100;3012;4333;Animal Avaliado
7101;9007;4198;Animal Avaliado
7102;9002;9110;Animal Avaliado
7103;9003;9100;Animal Avaliado
7104;9003;9116;Animal Avaliado
7105;9009;9119;Animal Avaliado
7106;3012;9110;Animal Avaliado
7107;9007;9108;Animal Avaliado
7108;9008;4333;Animal Avaliado
7109;9004;4315;Animal Avaliado
7110;3044;9110;Animal Avaliado
7111;9001;4315;Animal Avaliado
7112;3033;9106;Animal Avaliado
7113;9009;4256;Animal Avaliado
7114;9008;9106;Animal Avaliado
7115;9006;4022;Animal Avaliado
7116;9007;9118;Animal Avaliado
7117;9004;9101;Animal Avaliado
7118;3033;9100;Animal Avaliado
7119;9008;4315;Animal Avaliado
7120;9000;9113;Animal Avaliado
7121;9000;9100;Animal Avaliado
7122;3008;9107;Animal Avaliado
7123;3021;9110;Animal Avaliado
7124;9008;9103;Animal Avaliado
7125;9003;4480;Animal Avaliado
7126;9001;4480;Animal Avaliado
7127;3005;9101;Animal Avaliado
7128;3033;4315;Animal Avaliado
7129;9005;9105;Animal Avaliado
7130;9002;4102;Animal Avaliado
7131;3033;4333;Animal Avaliado
7132;9001;9110;Animal Avaliado
7133;9006;9107;Animal Avaliado
7134;9002;9105;Animal Avaliado
7135;9003;9111;Animal Avaliado
7136;3021;4256;Animal Avaliado
7137;9009;4315;Animal Avaliado
7138;9005;9106;Animal Avaliado
7139;9003;9110;Animal Avaliado
7140;3008;4315;Animal Avaliado
7141;9001;9103;Animal Avaliado
7142;3021;9115;Animal Avaliado
7143;3012;4333;Animal Avaliado
7144;3021;4210;Animal Avaliado
7145;9006;9119;Animal Avaliado
7146;9000;9115;Animal Avaliado
7147;9007;9109;Animal Avaliado
7148;9003;4256;Animal Avaliado
7149;9009;4315;Animal Avaliado
7150;3008;9108;Animal Avaliado
7151;9003;4022;Animal Avaliado
7152;9006;4480;Animal Avaliado
7153;9003;9103;Animal Avaliado
7154;9002;9109;Animal Avaliado
7155;3005;4210;Animal Avaliado
7156;9008;9108;Animal Avaliado
7157;9008;4480;Animal Avaliado
7158;9001;9114;Animal Avaliado
7159;9008;9107;Animal Avaliado
7160;9001;4055;Animal Avaliado
7161;9005;9108;Animal Avaliado
7162;9002;9118;Animal Avaliado
7163;3012;4480;Animal Avaliado
7164;3008;4256;Animal Avaliado
7165;9008;9105;Animal Avaliado
7166;3008;9109;Animal Avaliado
7167;3008;4001;Animal Avaliado
7168;9000;4480;Animal Avaliado
7169;9007;4256;Animal Avaliado
7170;3033;4480;Animal Avaliado
7171;9007;4055;Animal Avaliado
7172;9000;9113;Animal Avaliado
7173;9003;4333;Animal Avaliado
7174;3044;4022;Animal Avaliado
7175;3033;4102;Animal Avaliado
7176;3033;9112;Animal Avaliado
7177;9005;9108;Animal Avaliado
7178;9005;9113;Animal Avaliado
7179;3033;4315;Animal Avaliado
7180;9001;9110;Animal Avaliado
7181;9003;9103;Animal Avaliado
7182;3044;9107;Animal Avaliado
7183;3033;9105;Animal Avaliado
7184;9005;9102;Animal Avaliado
7185;3005;4001;Animal Avaliado
7186;9005;9117;Animal Avaliado
7187;3033;4055;Animal Avaliado
7188;9006;9119;Animal Avaliado
7189;9004;9107;Animal Avaliado
7190;9005;9115;Animal Avaliado
7191;9004;4480;Animal Avaliado
7192;9009;4198;Animal Avaliado
7193;3008;9106;Animal Avaliado
7194;9006;9104;Animal Avaliado
7195;3005;9116;Animal Avaliado
7196;3044;9119;Animal Avaliado
7197;9000;4210;Animal Avaliado
7198;9009;9114;Animal Avaliado
7199;3012;9110;Animal Avaliado
7200;3012;9112;Animal Avaliado
7201;9004;9111;Animal Avaliado
7202;3033;4001;Animal Avaliado
7203;9001;4022;Animal Avaliado
7204;9003;9106;Animal Avaliado
7205;3033;9101;Animal Avaliado
7206;9004;9108;Animal Avaliado
7207;3021;9108;Animal Avaliado
7208;3044;9108;Animal Avaliado
7209;9009;9109;Animal Avaliado
7210;3044;4256;Animal Avaliado
7211;9005;9119;Animal Avaliado
7212;9003;9102;Animal Avaliado
7213;3021;9113;Animal Avaliado
7214;9006;9106;Animal Avaliado
7215;9001;4102;Animal Avaliado
7216;9002;9106;Animal Avaliado
7217;9009;9106;Animal Avaliado
7218;9007;9114;Animal Avaliado
7219;9001;9118;Animal Avaliado
7220;3008;4256;Animal Avaliado
7221;3005;9112;Animal Avaliado
7222;9007;9114;Animal Avaliado
7223;3012;4480;Animal Avaliado
7224;3033;9104;Animal Avaliado
7225;9002;4055;Animal Avaliado
7226;3044;4256;Animal Avaliado
7227;9003;9116;Animal Avaliado
7228;9004;9102;Animal Avaliado
7229;9003;9105;Animal Avaliado
7230;3005;4210;Animal Avaliado
7231;9008;9117;Animal Avaliado
7232;9009;4198;Animal Avaliado
7233;9006;4022;Animal Avaliado
7234;3008;9109;Animal Avaliado
7235;9006;4022;Animal Avaliado
7236;9002;9104;Animal Avaliado
7237;9005;9111;Animal Avaliado
7238;3033;9105;Animal Avaliado
7239;3021;9108;Animal Avaliado
7240;9004;4198;Animal Avaliado
7241;3044;4198;Animal Avaliado
7242;9005;4102;Animal Avaliado
7243;3008;9105;Animal Avaliado
7244;9003;9112;Animal Avaliado
7245;3005;9118;Animal Avaliado
7246;9006;9118;Animal Avaliado
7247;9009;4198;Animal Avaliado
7248;3044;9105;Animal Avaliado
7249;3005;9103;Animal Avaliado
7250;9004;4022;Animal Avaliado
7251;9009;4055;Animal Avaliado
7252;3005;9101;Animal Avaliado
7253;3012;9111;Animal Avaliado
7254;9006;9109;Animal Avaliado
7255;9003;4022;Animal Avaliado
7256;9009;9107;Animal Avaliado
7257;9001;9119;Animal Avaliado
7258;9009;9112;Animal Avaliado
7259;9009;4210;Animal Avaliado
7260;9004;4022;Animal Avaliado
7261;9002;4198;Animal Avaliado
7262;9001;4256;Animal Avaliado
7263;9006;4333;Animal Avaliado
7264;3033;9114;Animal Avaliado
7265;9003;9111;Animal Avaliado
7266;9008;9102;Animal Avaliado
7267;9005;9119;Animal Avaliado
7268;9006;9105;Animal Avaliado
7269;9003;9106;Animal Avaliado
7270;9006;4102;Animal Avaliado
7271;9002;9102;Animal Avaliado
7272;3012;9107;Animal Avaliado
7273;9009;9119;Animal Avaliado
7274;9003;9100;Animal Avaliado
7275;3008;9110;Animal Avaliado
7276;9008;9101;Animal Avaliado
7277;3005;9110;Animal Avaliado
7278;9003;9102;Animal Avaliado
7279;9009;9107;Animal Avaliado
7280;3044;9104;Animal Avaliado
7281;9009;4480;Animal Avaliado
7282;9007;9100;Animal Avaliado
7283;9009;4102;Animal Avaliado
7284;3005;9108;Animal Avaliado
7285;3012;9113;Animal Avaliado
7286;9004;9114;Animal Avaliado
7287;9005;4480;Animal Avaliado
7288;9009;9106;Animal Avaliado
7289;3008;9109;Animal Avaliado
7290;9000;9113;Animal Avaliado
7291;3005;9104;Animal Avaliado
7292;3033;9108;Animal Avaliado
7293;3021;9116;Animal Avaliado
7294;9001;4102;Animal Avaliado
7295;3021;9119;Animal Avaliado
7296;9005;4001;Animal Avaliado
7297;3012;4210;Animal Avaliado
7298;9002;9119;Animal Avaliado
7299;3021;9118;Animal Avaliado
7300;3012;9101;Animal Avaliado
7301;9004;9118;Animal Avaliado
7302;9003;9108;Animal Avaliado
7303;9001;9105;Animal Avaliado
7304;3012;4055;Animal Avaliado
7305;9005;9109;Animal Avaliado
7306;9008;4333;Animal Avaliado
7307;9000;9107;Animal Avaliado
7308;9006;9106;Animal Avaliado
7309;3005;9101;Animal Avaliado
7310;9002;4102;Animal Avaliado
7311;3005;9116;Animal Avaliado
7312;9005;9115;Animal Avaliado
7313;9009;4315;Animal Avaliado
7314;9005;9110;Animal Avaliado
7315;3021;4210;Animal Avaliado
7316;3033;9106;Animal Avaliado
7317;9007;4001;Animal Avaliado
7318;9006;4001;Animal Avaliado
7319;9003;4102;Animal Avaliado
7320;3005;9108;Animal Avaliado
7321;9009;9102;Animal Avaliado
7322;3021;9104;Animal Avaliado
7323;3012;9106;Animal Avaliado
7324;9003;4198;Animal Avaliado
7325;9003;4055;Animal Avaliado
7326;3005;9110;Animal Avaliado
7327;3005;9110;Animal Avaliado
7328;9007;9119;Animal Avaliado
7329;9005;9117;Animal Avaliado
7330;3012;9111;Animal Avaliado
7331;9006;9119;Animal Avaliado
7332;3012;9111;Animal Avaliado
7333;9001;4333;Animal Avaliado
7334;3008;9100;Animal Avaliado
7335;9006;9103;Animal Avaliado
7336;3033;9101;Animal Avaliado
7337;3012;9119;Animal Avaliado
7338;9004;9108;Animal Avaliado
7339;3008;9111;Animal Avaliado
7340;9006;9116;Animal Avaliado
7341;9008;4198;Animal Avaliado
7342;9004;9116;Animal Avaliado
7343;3005;9108;Animal Avaliado
7344;3008;4480;Animal Avaliado
7345;3012;4198;Animal Avaliado
7346;3033;9102;Animal Avaliado
7347;9008;9105;Animal Avaliado
7348;3021;9102;Animal Avaliado
7349;9006;9115;Animal Avaliado
7350;9000;9110;Animal Avaliado
7351;9001;9104;Animal Avaliado
7352;3044;4055;Animal Avaliado
7353;3008;4333;Animal Avaliado
7354;3021;9113;Animal Avaliado
7355;9009;9100;Animal Avaliado
7356;9000;9101;Animal Avaliado
7357;3008;9113;Animal Avaliado
7358;9004;9118;Animal Avaliado
7359;9003;9102;Animal Avaliado
7360;9007;9103;Animal Avaliado
7361;3012;9110;Animal Avaliado
7362;9002;9117;Animal Avaliado
7363;9006;4480;Animal Avaliado
7364;3033;9110;Animal Avaliado
7365;3005;9110;Animal Avaliado
7366;9009;9113;Animal Avaliado
7367;9007;9100;Animal Avaliado
7368;9008;9115;Animal Avaliado
7369;9005;9108;Animal Avaliado
7370;9003;9117;Animal Avaliado
7371;9005;4210;Animal Avaliado
7372;9007;9117;Animal Avaliado
7373;9005;4210;Animal Avaliado
7374;3021;4055;Animal Avaliado
7375;9004;9101;Animal Avaliado
7376;9002;4001;Animal Avaliado
7377;3021;9106;Animal Avaliado
7378;9004;9101;Animal Avaliado
7379;9001;4055;Animal Avaliado
7380;9009;9107;Animal Avaliado
7381;9007;9118;Animal Avaliado
7382;9000;4480;Animal Avaliado
7383;3021;9114;Animal Avaliado
7384;3033;4256;Animal Avaliado
7385;3005;9118;Animal Avaliado
7386;9003;4022;Animal Avaliado
7387;3012;9115;Animal Avaliado
7388;9003;4055;Animal Avaliado
7389;3008;4022;Animal Avaliado
7390;9005;9100;Animal Avaliado
7391;3012;4256;Animal Avaliado
7392;9008;9116;Animal Avaliado
7393;3012;9104;Animal Avaliado
7394;3033;9100;Animal Avaliado
7395;9006;4256;Animal Avaliado
7396;3008;9108;Animal Avaliado
7397;3005;4333;Animal Avaliado
7398;3005;9116;Animal Avaliado
7399;9007;9110;Animal Avaliado
7400;9003;4480;Animal Avaliado
7401;3012;9107;Animal Avaliado
7402;9006;4256;Animal Avaliado
7403;3005;4256;Animal Avaliado
7404;9007;4210;Animal Avaliado
7405;9004;9114;Animal Avaliado
7406;9004;4315;Animal Avaliado
7407;3021;4001;Animal Avaliado
7408;9003;9102;Animal Avaliado
7409;9003;9118;Animal Avaliado
7410;3021;9112;Animal Avaliado
7411;9002;4001;Animal Avaliado
7412;3021;9108;Animal Avaliado
7413;3008;9115;Animal Avaliado
7414;9005;9105;Animal Avaliado
7415;3005;4102;Animal Avaliado
7416;9009;4001;Animal Avaliado
7417;9009;9105;Animal Avaliado
7418;9006;9105;Animal Avaliado
7419;3021;4055;Animal Avaliado
7420;9000;9117;Animal Avaliado
7421;3033;9118;Animal Avaliado
7422;3005;4198;Animal Avaliado
7423;9005;9106;Animal Avaliado
7424;9004;9112;Animal Avaliado
7425;9008;4022;Animal Avaliado
7426;9003;9107;Animal Avaliado
7427;9001;9105;Animal Avaliado
7428;3012;9103;Animal Avaliado
7429;3008;4198;Animal Avaliado
7430;9001;4480;Animal Avaliado
7431;3033;9103;Animal Avaliado
7432;9002;9115;Animal Avaliado
7433;9002;9105;Animal Avaliado
7434;3021;4256;Animal Avaliado
7435;3021;9101;Animal Avaliado
7436;9004;4315;Animal Avaliado
7437;9008;9103;Animal Avaliado
7438;9004;4198;Animal Avaliado
7439;9004;9118;Animal Avaliado
7440;9008;4198;Animal Avaliado
7441;9000;9110;Animal Avaliado
7442;3012;4198;Animal Avaliado
7443;3033;9111;Animal Avaliado
7444;9006;9119;Animal Avaliado
7445;3008;9103;Animal Avaliado
7446;9004;4055;Animal Avaliado
7447;9001;4333;Animal Avaliado
7448;9009;9116;Animal Avaliado
7449;9000;9116;Animal Avaliado
7450;3021;9107;Animal Avaliado
7451;9003;9105;Animal Avaliado
7452;3012;9115;Animal Avaliado
7453;3021;9106;Animal Avaliado
7454;9003;9103;Animal Avaliado
9000;0;0;Touro Fundador
9001;0;0;Touro Fundador
9002;0;0;Touro Fundador
9003;0;0;Touro Fundador
9004;0;0;Touro Fundador
9005;0;0;Touro Fundador
9006;0;0;Touro Fundador
9007;0;0;Touro Fundador
9008;0;0;Touro Fundador
9009;0;0;Touro Fundador
9100;0;0;Matriz Fundadora
9101;0;0;Matriz Fundadora
9102;0;0;Matriz Fundadora
9103;0;0;Matriz Fundadora
9104;0;0;Matriz Fundadora
9105;0;0;Matriz Fundadora
9106;0;0;Matriz Fundadora
9107;0;0;Matriz Fundadora
9108;0;0;Matriz Fundadora
9109;0;0;Matriz Fundadora
9110;0;0;Matriz Fundadora
9111;0;0;Matriz Fundadora
9112;0;0;Matriz Fundadora
9113;0;0;Matriz Fundadora
9114;0;0;Matriz Fundadora
9115;0;0;Matriz Fundadora
9116;0;0;Matriz Fundadora
9117;0;0;Matriz Fundadora
9118;0;0;Matriz Fundadora
9119;0;0;Matriz Fundadora
